id,position,x,y,z,is_degas,extraction_id,"load_identifier"
2,147,NULL,NULL,NULL,NULL,6,NULL
3,148,NULL,NULL,NULL,NULL,11,NULL
4,149,NULL,NULL,NULL,NULL,12,NULL
5,150,NULL,NULL,NULL,NULL,14,NULL
6,151,NULL,NULL,NULL,NULL,15,NULL
7,152,NULL,NULL,NULL,NULL,16,NULL
8,153,NULL,NULL,NULL,NULL,17,NULL
9,154,NULL,NULL,NULL,NULL,19,NULL
10,155,NULL,NULL,NULL,NULL,20,NULL
11,156,NULL,NULL,NULL,NULL,21,NULL
12,157,NULL,NULL,NULL,NULL,22,NULL
13,158,NULL,NULL,NULL,NULL,24,NULL
14,159,NULL,NULL,NULL,NULL,25,NULL
15,160,NULL,NULL,NULL,NULL,26,NULL
16,161,NULL,NULL,NULL,NULL,27,NULL
17,162,NULL,NULL,NULL,NULL,29,NULL
18,163,NULL,NULL,NULL,NULL,30,NULL
19,164,NULL,NULL,NULL,NULL,31,NULL
20,165,NULL,NULL,NULL,NULL,32,NULL
21,166,NULL,NULL,NULL,NULL,34,NULL
22,167,NULL,NULL,NULL,NULL,35,NULL
23,168,NULL,NULL,NULL,NULL,36,NULL
24,169,NULL,NULL,NULL,NULL,37,NULL
25,170,NULL,NULL,NULL,NULL,39,NULL
26,171,NULL,NULL,NULL,NULL,40,NULL
27,172,NULL,NULL,NULL,NULL,41,NULL
28,173,NULL,NULL,NULL,NULL,42,NULL
29,174,NULL,NULL,NULL,NULL,44,NULL
30,175,NULL,NULL,NULL,NULL,45,NULL
31,176,NULL,NULL,NULL,NULL,46,NULL
32,177,NULL,NULL,NULL,NULL,47,NULL
33,178,NULL,NULL,NULL,NULL,51,NULL
34,179,NULL,NULL,NULL,NULL,53,NULL
35,180,NULL,NULL,NULL,NULL,54,NULL
36,181,NULL,NULL,NULL,NULL,55,NULL
37,182,NULL,NULL,NULL,NULL,56,NULL
38,5,NULL,NULL,NULL,NULL,58,NULL
39,6,NULL,NULL,NULL,NULL,78,NULL
40,7,NULL,NULL,NULL,NULL,93,NULL
41,8,NULL,NULL,NULL,NULL,105,NULL
42,9,NULL,NULL,NULL,NULL,117,NULL
43,10,NULL,NULL,NULL,NULL,129,NULL
44,11,NULL,NULL,NULL,NULL,143,NULL
45,12,NULL,NULL,NULL,NULL,158,NULL
46,1,NULL,NULL,NULL,NULL,177,NULL
47,2,NULL,NULL,NULL,NULL,191,NULL
48,3,NULL,NULL,NULL,NULL,203,NULL
49,4,NULL,NULL,NULL,NULL,216,NULL
50,183,NULL,NULL,NULL,NULL,228,NULL
51,184,NULL,NULL,NULL,NULL,229,NULL
52,185,NULL,NULL,NULL,NULL,230,NULL
53,186,NULL,NULL,NULL,NULL,231,NULL
54,187,NULL,NULL,NULL,NULL,233,NULL
55,188,NULL,NULL,NULL,NULL,234,NULL
56,189,NULL,NULL,NULL,NULL,235,NULL
57,190,NULL,NULL,NULL,NULL,236,NULL
58,191,NULL,NULL,NULL,NULL,238,NULL
59,192,NULL,NULL,NULL,NULL,239,NULL
60,193,NULL,NULL,NULL,NULL,240,NULL
61,194,NULL,NULL,NULL,NULL,241,NULL
62,195,NULL,NULL,NULL,NULL,243,NULL
63,196,NULL,NULL,NULL,NULL,244,NULL
64,197,NULL,NULL,NULL,NULL,245,NULL
65,198,NULL,NULL,NULL,NULL,246,NULL
66,199,NULL,NULL,NULL,NULL,248,NULL
67,200,NULL,NULL,NULL,NULL,249,NULL
68,201,NULL,NULL,NULL,NULL,250,NULL
69,202,NULL,NULL,NULL,NULL,251,NULL
70,203,NULL,NULL,NULL,NULL,253,NULL
71,204,NULL,NULL,NULL,NULL,254,NULL
72,205,NULL,NULL,NULL,NULL,255,NULL
73,206,NULL,NULL,NULL,NULL,256,NULL
74,207,NULL,NULL,NULL,NULL,258,NULL
75,208,NULL,NULL,NULL,NULL,259,NULL
76,209,NULL,NULL,NULL,NULL,260,NULL
77,210,NULL,NULL,NULL,NULL,261,NULL
78,211,NULL,NULL,NULL,NULL,263,NULL
79,212,NULL,NULL,NULL,NULL,264,NULL
80,213,NULL,NULL,NULL,NULL,266,NULL
81,214,NULL,NULL,NULL,NULL,267,NULL
82,215,NULL,NULL,NULL,NULL,268,NULL
83,216,NULL,NULL,NULL,NULL,269,NULL
84,217,NULL,NULL,NULL,NULL,270,NULL
85,218,NULL,NULL,NULL,NULL,271,NULL
86,4,NULL,NULL,NULL,NULL,272,NULL
87,8,NULL,NULL,NULL,NULL,286,NULL
88,1,NULL,NULL,NULL,NULL,304,NULL
89,2,NULL,NULL,NULL,NULL,324,NULL
90,9,NULL,NULL,NULL,NULL,334,NULL
91,11,NULL,NULL,NULL,NULL,348,NULL
92,13,NULL,NULL,NULL,NULL,371,NULL
93,12,NULL,NULL,NULL,NULL,381,NULL
94,1,NULL,NULL,NULL,NULL,397,NULL
95,2,NULL,NULL,NULL,NULL,402,NULL
96,3,NULL,NULL,NULL,NULL,404,NULL
97,4,NULL,NULL,NULL,NULL,405,NULL
98,5,NULL,NULL,NULL,NULL,406,NULL
99,6,NULL,NULL,NULL,NULL,407,NULL
100,7,NULL,NULL,NULL,NULL,409,NULL
101,8,NULL,NULL,NULL,NULL,410,NULL
102,9,NULL,NULL,NULL,NULL,411,NULL
103,10,NULL,NULL,NULL,NULL,412,NULL
104,11,NULL,NULL,NULL,NULL,414,NULL
105,12,NULL,NULL,NULL,NULL,415,NULL
106,13,NULL,NULL,NULL,NULL,416,NULL
107,14,NULL,NULL,NULL,NULL,417,NULL
108,15,NULL,NULL,NULL,NULL,419,NULL
109,16,NULL,NULL,NULL,NULL,420,NULL
110,17,NULL,NULL,NULL,NULL,421,NULL
111,18,NULL,NULL,NULL,NULL,422,NULL
112,19,NULL,NULL,NULL,NULL,424,NULL
113,20,NULL,NULL,NULL,NULL,425,NULL
114,21,NULL,NULL,NULL,NULL,426,NULL
115,22,NULL,NULL,NULL,NULL,427,NULL
116,23,NULL,NULL,NULL,NULL,429,NULL
117,24,NULL,NULL,NULL,NULL,430,NULL
118,25,NULL,NULL,NULL,NULL,431,NULL
119,26,NULL,NULL,NULL,NULL,432,NULL
120,27,NULL,NULL,NULL,NULL,434,NULL
121,28,NULL,NULL,NULL,NULL,435,NULL
122,29,NULL,NULL,NULL,NULL,436,NULL
123,30,NULL,NULL,NULL,NULL,437,NULL
124,31,NULL,NULL,NULL,NULL,439,NULL
125,32,NULL,NULL,NULL,NULL,440,NULL
126,33,NULL,NULL,NULL,NULL,441,NULL
127,34,NULL,NULL,NULL,NULL,442,NULL
128,35,NULL,NULL,NULL,NULL,444,NULL
129,36,NULL,NULL,NULL,NULL,445,NULL
130,1,NULL,NULL,NULL,NULL,446,NULL
131,1,NULL,NULL,NULL,NULL,450,NULL
132,2,NULL,NULL,NULL,NULL,451,NULL
133,3,NULL,NULL,NULL,NULL,456,NULL
134,4,NULL,NULL,NULL,NULL,458,NULL
135,5,NULL,NULL,NULL,NULL,459,NULL
136,6,NULL,NULL,NULL,NULL,460,NULL
137,13,NULL,NULL,NULL,NULL,461,NULL
138,7,NULL,NULL,NULL,NULL,474,NULL
139,8,NULL,NULL,NULL,NULL,475,NULL
140,9,NULL,NULL,NULL,NULL,477,NULL
141,10,NULL,NULL,NULL,NULL,478,NULL
142,11,NULL,NULL,NULL,NULL,479,NULL
143,12,NULL,NULL,NULL,NULL,480,NULL
144,61,NULL,NULL,NULL,NULL,481,NULL
145,62,NULL,NULL,NULL,NULL,486,NULL
146,63,NULL,NULL,NULL,NULL,487,NULL
147,64,NULL,NULL,NULL,NULL,488,NULL
148,65,NULL,NULL,NULL,NULL,490,NULL
149,66,NULL,NULL,NULL,NULL,491,NULL
150,67,NULL,NULL,NULL,NULL,492,NULL
151,68,NULL,NULL,NULL,NULL,493,NULL
152,69,NULL,NULL,NULL,NULL,495,NULL
153,70,NULL,NULL,NULL,NULL,496,NULL
154,71,NULL,NULL,NULL,NULL,497,NULL
155,72,NULL,NULL,NULL,NULL,498,NULL
156,73,NULL,NULL,NULL,NULL,500,NULL
157,74,NULL,NULL,NULL,NULL,501,NULL
158,75,NULL,NULL,NULL,NULL,502,NULL
159,13,NULL,NULL,NULL,NULL,503,NULL
160,13,NULL,NULL,NULL,NULL,504,NULL
161,14,NULL,NULL,NULL,NULL,505,NULL
162,15,NULL,NULL,NULL,NULL,506,NULL
163,16,NULL,NULL,NULL,NULL,507,NULL
164,17,NULL,NULL,NULL,NULL,508,NULL
165,18,NULL,NULL,NULL,NULL,509,NULL
166,76,NULL,NULL,NULL,NULL,511,NULL
167,77,NULL,NULL,NULL,NULL,512,NULL
168,78,NULL,NULL,NULL,NULL,514,NULL
169,79,NULL,NULL,NULL,NULL,515,NULL
170,80,NULL,NULL,NULL,NULL,516,NULL
171,81,NULL,NULL,NULL,NULL,517,NULL
172,82,NULL,NULL,NULL,NULL,518,NULL
173,83,NULL,NULL,NULL,NULL,519,NULL
174,84,NULL,NULL,NULL,NULL,521,NULL
175,85,NULL,NULL,NULL,NULL,522,NULL
176,86,NULL,NULL,NULL,NULL,523,NULL
177,87,NULL,NULL,NULL,NULL,524,NULL
178,88,NULL,NULL,NULL,NULL,526,NULL
179,89,NULL,NULL,NULL,NULL,528,NULL
180,90,NULL,NULL,NULL,NULL,530,NULL
181,19,NULL,NULL,NULL,NULL,532,NULL
182,19,NULL,NULL,NULL,NULL,533,NULL
183,20,NULL,NULL,NULL,NULL,534,NULL
184,21,NULL,NULL,NULL,NULL,535,NULL
185,22,NULL,NULL,NULL,NULL,536,NULL
186,23,NULL,NULL,NULL,NULL,537,NULL
187,24,NULL,NULL,NULL,NULL,539,NULL
188,91,NULL,NULL,NULL,NULL,545,NULL
189,92,NULL,NULL,NULL,NULL,546,NULL
190,93,NULL,NULL,NULL,NULL,549,NULL
191,94,NULL,NULL,NULL,NULL,550,NULL
192,95,NULL,NULL,NULL,NULL,552,NULL
193,96,NULL,NULL,NULL,NULL,553,NULL
194,97,NULL,NULL,NULL,NULL,554,NULL
195,98,NULL,NULL,NULL,NULL,556,NULL
196,99,NULL,NULL,NULL,NULL,557,NULL
197,100,NULL,NULL,NULL,NULL,559,NULL
198,101,NULL,NULL,NULL,NULL,560,NULL
199,102,NULL,NULL,NULL,NULL,561,NULL
200,103,NULL,NULL,NULL,NULL,563,NULL
201,104,NULL,NULL,NULL,NULL,564,NULL
202,105,NULL,NULL,NULL,NULL,566,NULL
203,25,NULL,NULL,NULL,NULL,567,NULL
204,25,NULL,NULL,NULL,NULL,570,NULL
205,26,NULL,NULL,NULL,NULL,572,NULL
206,26,NULL,NULL,NULL,NULL,573,NULL
207,27,NULL,NULL,NULL,NULL,574,NULL
208,28,NULL,NULL,NULL,NULL,576,NULL
209,29,NULL,NULL,NULL,NULL,577,NULL
210,30,NULL,NULL,NULL,NULL,578,NULL
211,106,NULL,NULL,NULL,NULL,579,NULL
212,107,NULL,NULL,NULL,NULL,581,NULL
213,108,NULL,NULL,NULL,NULL,582,NULL
214,109,NULL,NULL,NULL,NULL,583,NULL
215,110,NULL,NULL,NULL,NULL,585,NULL
216,112,NULL,NULL,NULL,NULL,586,NULL
217,113,NULL,NULL,NULL,NULL,588,NULL
218,114,NULL,NULL,NULL,NULL,589,NULL
219,115,NULL,NULL,NULL,NULL,590,NULL
220,116,NULL,NULL,NULL,NULL,592,NULL
221,117,NULL,NULL,NULL,NULL,593,NULL
222,118,NULL,NULL,NULL,NULL,595,NULL
223,119,NULL,NULL,NULL,NULL,596,NULL
224,120,NULL,NULL,NULL,NULL,597,NULL
225,121,NULL,NULL,NULL,NULL,599,NULL
226,31,NULL,NULL,NULL,NULL,600,NULL
227,32,NULL,NULL,NULL,NULL,606,NULL
228,33,NULL,NULL,NULL,NULL,608,NULL
229,34,NULL,NULL,NULL,NULL,609,NULL
230,35,NULL,NULL,NULL,NULL,610,NULL
231,36,NULL,NULL,NULL,NULL,611,NULL
232,122,NULL,NULL,NULL,NULL,613,NULL
233,123,NULL,NULL,NULL,NULL,615,NULL
234,124,NULL,NULL,NULL,NULL,616,NULL
235,125,NULL,NULL,NULL,NULL,617,NULL
236,126,NULL,NULL,NULL,NULL,618,NULL
237,127,NULL,NULL,NULL,NULL,619,NULL
238,128,NULL,NULL,NULL,NULL,621,NULL
239,129,NULL,NULL,NULL,NULL,622,NULL
240,130,NULL,NULL,NULL,NULL,623,NULL
241,131,NULL,NULL,NULL,NULL,624,NULL
242,132,NULL,NULL,NULL,NULL,626,NULL
243,133,NULL,NULL,NULL,NULL,627,NULL
244,134,NULL,NULL,NULL,NULL,629,NULL
245,135,NULL,NULL,NULL,NULL,631,NULL
246,136,NULL,NULL,NULL,NULL,632,NULL
247,37,NULL,NULL,NULL,NULL,635,NULL
248,38,NULL,NULL,NULL,NULL,636,NULL
249,39,NULL,NULL,NULL,NULL,637,NULL
250,40,NULL,NULL,NULL,NULL,638,NULL
251,41,NULL,NULL,NULL,NULL,639,NULL
252,42,NULL,NULL,NULL,NULL,641,NULL
253,43,NULL,NULL,NULL,NULL,642,NULL
254,44,NULL,NULL,NULL,NULL,643,NULL
255,45,NULL,NULL,NULL,NULL,644,NULL
256,46,NULL,NULL,NULL,NULL,645,NULL
257,47,NULL,NULL,NULL,NULL,646,NULL
258,48,NULL,NULL,NULL,NULL,647,NULL
259,49,NULL,NULL,NULL,NULL,648,NULL
260,50,NULL,NULL,NULL,NULL,649,NULL
261,51,NULL,NULL,NULL,NULL,650,NULL
262,52,NULL,NULL,NULL,NULL,651,NULL
263,53,NULL,NULL,NULL,NULL,652,NULL
264,54,NULL,NULL,NULL,NULL,653,NULL
265,55,NULL,NULL,NULL,NULL,654,NULL
266,56,NULL,NULL,NULL,NULL,656,NULL
267,57,NULL,NULL,NULL,NULL,657,NULL
268,58,NULL,NULL,NULL,NULL,658,NULL
269,59,NULL,NULL,NULL,NULL,659,NULL
270,60,NULL,NULL,NULL,NULL,660,NULL
271,73,NULL,NULL,NULL,NULL,661,NULL
272,74,NULL,NULL,NULL,NULL,666,NULL
273,75,NULL,NULL,NULL,NULL,667,NULL
274,76,NULL,NULL,NULL,NULL,668,NULL
275,77,NULL,NULL,NULL,NULL,670,NULL
276,78,NULL,NULL,NULL,NULL,671,NULL
277,7,NULL,NULL,NULL,NULL,672,NULL
278,79,NULL,NULL,NULL,NULL,691,NULL
279,80,NULL,NULL,NULL,NULL,692,NULL
280,81,NULL,NULL,NULL,NULL,694,NULL
281,82,NULL,NULL,NULL,NULL,695,NULL
282,83,NULL,NULL,NULL,NULL,696,NULL
283,84,NULL,NULL,NULL,NULL,697,NULL
284,8,NULL,NULL,NULL,NULL,699,NULL
285,85,NULL,NULL,NULL,NULL,712,NULL
286,86,NULL,NULL,NULL,NULL,713,NULL
287,87,NULL,NULL,NULL,NULL,714,NULL
288,88,NULL,NULL,NULL,NULL,715,NULL
289,89,NULL,NULL,NULL,NULL,717,NULL
290,90,NULL,NULL,NULL,NULL,718,NULL
291,10,NULL,NULL,NULL,NULL,719,NULL
292,5,NULL,NULL,NULL,NULL,731,NULL
293,91,NULL,NULL,NULL,NULL,736,NULL
294,92,NULL,NULL,NULL,NULL,737,NULL
295,93,NULL,NULL,NULL,NULL,739,NULL
296,94,NULL,NULL,NULL,NULL,740,NULL
297,95,NULL,NULL,NULL,NULL,741,NULL
298,96,NULL,NULL,NULL,NULL,742,NULL
299,3,NULL,NULL,NULL,NULL,744,NULL
300,3,NULL,NULL,NULL,NULL,761,NULL
301,97,NULL,NULL,NULL,NULL,773,NULL
302,98,NULL,NULL,NULL,NULL,774,NULL
303,99,NULL,NULL,NULL,NULL,775,NULL
304,100,NULL,NULL,NULL,NULL,776,NULL
305,101,NULL,NULL,NULL,NULL,778,NULL
306,102,NULL,NULL,NULL,NULL,779,NULL
307,1,NULL,NULL,NULL,NULL,780,NULL
308,2,NULL,NULL,NULL,NULL,794,NULL
309,6,NULL,NULL,NULL,NULL,806,NULL
310,103,NULL,NULL,NULL,NULL,807,NULL
311,104,NULL,NULL,NULL,NULL,810,NULL
312,105,NULL,NULL,NULL,NULL,811,NULL
313,106,NULL,NULL,NULL,NULL,812,NULL
314,107,NULL,NULL,NULL,NULL,813,NULL
315,108,NULL,NULL,NULL,NULL,814,NULL
316,37,NULL,NULL,NULL,NULL,816,NULL
317,38,NULL,NULL,NULL,NULL,822,NULL
318,39,NULL,NULL,NULL,NULL,823,NULL
319,40,NULL,NULL,NULL,NULL,825,NULL
320,42,NULL,NULL,NULL,NULL,826,NULL
321,44,NULL,NULL,NULL,NULL,830,NULL
322,43,NULL,NULL,NULL,NULL,834,NULL
323,41,NULL,NULL,NULL,NULL,838,NULL
324,45,NULL,NULL,NULL,NULL,841,NULL
325,46,NULL,NULL,NULL,NULL,844,NULL
326,47,NULL,NULL,NULL,NULL,845,NULL
327,48,NULL,NULL,NULL,NULL,846,NULL
328,50,NULL,NULL,NULL,NULL,848,NULL
329,54,NULL,NULL,NULL,NULL,850,NULL
330,53,NULL,NULL,NULL,NULL,854,NULL
331,59,NULL,NULL,NULL,NULL,857,NULL
332,60,NULL,NULL,NULL,NULL,859,NULL
333,64,NULL,NULL,NULL,NULL,860,NULL
334,62,NULL,NULL,NULL,NULL,861,NULL
335,49,NULL,NULL,NULL,NULL,862,NULL
336,56,NULL,NULL,NULL,NULL,863,NULL
337,55,NULL,NULL,NULL,NULL,867,NULL
338,58,NULL,NULL,NULL,NULL,870,NULL
339,68,NULL,NULL,NULL,NULL,872,NULL
340,67,NULL,NULL,NULL,NULL,874,NULL
341,57,NULL,NULL,NULL,NULL,875,NULL
342,66,NULL,NULL,NULL,NULL,876,NULL
343,63,NULL,NULL,NULL,NULL,877,NULL
344,65,NULL,NULL,NULL,NULL,880,NULL
345,69,NULL,NULL,NULL,NULL,881,NULL
346,51,NULL,NULL,NULL,NULL,883,NULL
347,52,NULL,NULL,NULL,NULL,885,NULL
348,61,NULL,NULL,NULL,NULL,887,NULL
349,70,NULL,NULL,NULL,NULL,889,NULL
350,71,NULL,NULL,NULL,NULL,890,NULL
351,72,NULL,NULL,NULL,NULL,891,NULL
352,73,NULL,NULL,NULL,NULL,892,NULL
353,74,NULL,NULL,NULL,NULL,893,NULL
354,75,NULL,NULL,NULL,NULL,895,NULL
355,76,NULL,NULL,NULL,NULL,896,NULL
356,77,NULL,NULL,NULL,NULL,897,NULL
357,90,NULL,NULL,NULL,NULL,898,NULL
358,99,NULL,NULL,NULL,NULL,899,NULL
359,86,NULL,NULL,NULL,NULL,900,NULL
360,78,NULL,NULL,NULL,NULL,901,NULL
361,81,NULL,NULL,NULL,NULL,902,NULL
362,85,NULL,NULL,NULL,NULL,903,NULL
363,102,NULL,NULL,NULL,NULL,904,NULL
364,93,NULL,NULL,NULL,NULL,905,NULL
365,96,NULL,NULL,NULL,NULL,906,NULL
366,91,NULL,NULL,NULL,NULL,907,NULL
367,80,NULL,NULL,NULL,NULL,908,NULL
368,100,NULL,NULL,NULL,NULL,909,NULL
369,82,NULL,NULL,NULL,NULL,910,NULL
370,101,NULL,NULL,NULL,NULL,911,NULL
371,97,NULL,NULL,NULL,NULL,912,NULL
372,83,NULL,NULL,NULL,NULL,913,NULL
373,89,NULL,NULL,NULL,NULL,914,NULL
374,94,NULL,NULL,NULL,NULL,915,NULL
375,95,NULL,NULL,NULL,NULL,916,NULL
376,84,NULL,NULL,NULL,NULL,917,NULL
377,87,NULL,NULL,NULL,NULL,918,NULL
378,98,NULL,NULL,NULL,NULL,919,NULL
379,79,NULL,NULL,NULL,NULL,920,NULL
380,92,NULL,NULL,NULL,NULL,921,NULL
381,88,NULL,NULL,NULL,NULL,922,NULL
382,106,NULL,NULL,NULL,NULL,923,NULL
383,103,NULL,NULL,NULL,NULL,924,NULL
384,107,NULL,NULL,NULL,NULL,925,NULL
385,108,NULL,NULL,NULL,NULL,926,NULL
386,104,NULL,NULL,NULL,NULL,927,NULL
387,105,NULL,NULL,NULL,NULL,928,NULL
388,109,NULL,NULL,NULL,NULL,929,NULL
389,110,NULL,NULL,NULL,NULL,930,NULL
390,123,NULL,NULL,NULL,NULL,931,NULL
391,128,NULL,NULL,NULL,NULL,932,NULL
392,114,NULL,NULL,NULL,NULL,933,NULL
393,127,NULL,NULL,NULL,NULL,934,NULL
394,117,NULL,NULL,NULL,NULL,935,NULL
395,124,NULL,NULL,NULL,NULL,936,NULL
396,116,NULL,NULL,NULL,NULL,937,NULL
397,132,NULL,NULL,NULL,NULL,938,NULL
398,122,NULL,NULL,NULL,NULL,939,NULL
399,131,NULL,NULL,NULL,NULL,940,NULL
400,119,NULL,NULL,NULL,NULL,941,NULL
401,136,NULL,NULL,NULL,NULL,942,NULL
402,135,NULL,NULL,NULL,NULL,943,NULL
403,130,NULL,NULL,NULL,NULL,944,NULL
404,113,NULL,NULL,NULL,NULL,945,NULL
405,129,NULL,NULL,NULL,NULL,946,NULL
406,126,NULL,NULL,NULL,NULL,947,NULL
407,118,NULL,NULL,NULL,NULL,948,NULL
408,125,NULL,NULL,NULL,NULL,949,NULL
409,112,NULL,NULL,NULL,NULL,950,NULL
410,121,NULL,NULL,NULL,NULL,951,NULL
411,120,NULL,NULL,NULL,NULL,952,NULL
412,134,NULL,NULL,NULL,NULL,953,NULL
413,115,NULL,NULL,NULL,NULL,954,NULL
414,133,NULL,NULL,NULL,NULL,955,NULL
415,143,NULL,NULL,NULL,NULL,956,NULL
416,141,NULL,NULL,NULL,NULL,957,NULL
417,144,NULL,NULL,NULL,NULL,958,NULL
418,140,NULL,NULL,NULL,NULL,959,NULL
419,142,NULL,NULL,NULL,NULL,960,NULL
420,137,NULL,NULL,NULL,NULL,961,NULL
421,138,NULL,NULL,NULL,NULL,962,NULL
422,139,NULL,NULL,NULL,NULL,963,NULL
423,5,NULL,NULL,NULL,NULL,964,NULL
424,7,NULL,NULL,NULL,NULL,968,NULL
425,4,NULL,NULL,NULL,NULL,972,NULL
426,6,NULL,NULL,NULL,NULL,974,NULL
427,2,NULL,NULL,NULL,NULL,975,NULL
428,3,NULL,NULL,NULL,NULL,977,NULL
429,11,NULL,NULL,NULL,NULL,981,NULL
430,20,NULL,NULL,NULL,NULL,984,NULL
431,19,NULL,NULL,NULL,NULL,986,NULL
432,15,NULL,NULL,NULL,NULL,988,NULL
433,16,NULL,NULL,NULL,NULL,990,NULL
434,17,NULL,NULL,NULL,NULL,991,NULL
435,21,NULL,NULL,NULL,NULL,992,NULL
436,22,NULL,NULL,NULL,NULL,996,NULL
437,18,NULL,NULL,NULL,NULL,998,NULL
438,14,NULL,NULL,NULL,NULL,1000,NULL
439,9,NULL,NULL,NULL,NULL,1001,NULL
440,10,NULL,NULL,NULL,NULL,1002,NULL
441,13,NULL,NULL,NULL,NULL,1005,NULL
442,12,NULL,NULL,NULL,NULL,1009,NULL
443,24,NULL,NULL,NULL,NULL,1013,NULL
444,28,NULL,NULL,NULL,NULL,1014,NULL
445,26,NULL,NULL,NULL,NULL,1015,NULL
446,25,NULL,NULL,NULL,NULL,1016,NULL
447,23,NULL,NULL,NULL,NULL,1017,NULL
448,29,NULL,NULL,NULL,NULL,1018,NULL
449,27,NULL,NULL,NULL,NULL,1020,NULL
450,35,NULL,NULL,NULL,NULL,1024,NULL
451,39,NULL,NULL,NULL,NULL,1026,NULL
452,43,NULL,NULL,NULL,NULL,1027,NULL
453,36,NULL,NULL,NULL,NULL,1028,NULL
454,33,NULL,NULL,NULL,NULL,1029,NULL
455,38,NULL,NULL,NULL,NULL,1030,NULL
456,31,NULL,NULL,NULL,NULL,1031,NULL
457,41,NULL,NULL,NULL,NULL,1032,NULL
458,42,NULL,NULL,NULL,NULL,1033,NULL
459,32,NULL,NULL,NULL,NULL,1034,NULL
460,30,NULL,NULL,NULL,NULL,1035,NULL
461,40,NULL,NULL,NULL,NULL,1036,NULL
462,34,NULL,NULL,NULL,NULL,1037,NULL
463,44,NULL,NULL,NULL,NULL,1038,NULL
464,37,NULL,NULL,NULL,NULL,1039,NULL
465,48,NULL,NULL,NULL,NULL,1040,NULL
466,47,NULL,NULL,NULL,NULL,1041,NULL
467,49,NULL,NULL,NULL,NULL,1042,NULL
468,51,NULL,NULL,NULL,NULL,1043,NULL
469,50,NULL,NULL,NULL,NULL,1044,NULL
470,46,NULL,NULL,NULL,NULL,1046,NULL
471,60,NULL,NULL,NULL,NULL,1047,NULL
472,55,NULL,NULL,NULL,NULL,1048,NULL
473,53,NULL,NULL,NULL,NULL,1049,NULL
474,59,NULL,NULL,NULL,NULL,1050,NULL
475,57,NULL,NULL,NULL,NULL,1051,NULL
476,61,NULL,NULL,NULL,NULL,1052,NULL
477,54,NULL,NULL,NULL,NULL,1053,NULL
478,64,NULL,NULL,NULL,NULL,1054,NULL
479,56,NULL,NULL,NULL,NULL,1055,NULL
480,65,NULL,NULL,NULL,NULL,1056,NULL
481,58,NULL,NULL,NULL,NULL,1057,NULL
482,66,NULL,NULL,NULL,NULL,1058,NULL
483,52,NULL,NULL,NULL,NULL,1059,NULL
484,63,NULL,NULL,NULL,NULL,1060,NULL
485,62,NULL,NULL,NULL,NULL,1061,NULL
486,69,NULL,NULL,NULL,NULL,1062,NULL
487,71,NULL,NULL,NULL,NULL,1063,NULL
488,68,NULL,NULL,NULL,NULL,1064,NULL
489,70,NULL,NULL,NULL,NULL,1065,NULL
490,73,NULL,NULL,NULL,NULL,1066,NULL
491,72,NULL,NULL,NULL,NULL,1067,NULL
492,86,NULL,NULL,NULL,NULL,1068,NULL
493,87,NULL,NULL,NULL,NULL,1069,NULL
494,88,NULL,NULL,NULL,NULL,1070,NULL
495,76,NULL,NULL,NULL,NULL,1071,NULL
496,83,NULL,NULL,NULL,NULL,1072,NULL
497,74,NULL,NULL,NULL,NULL,1073,NULL
498,84,NULL,NULL,NULL,NULL,1074,NULL
499,85,NULL,NULL,NULL,NULL,1075,NULL
500,75,NULL,NULL,NULL,NULL,1076,NULL
501,82,NULL,NULL,NULL,NULL,1077,NULL
502,80,NULL,NULL,NULL,NULL,1078,NULL
503,78,NULL,NULL,NULL,NULL,1079,NULL
504,79,NULL,NULL,NULL,NULL,1080,NULL
505,77,NULL,NULL,NULL,NULL,1081,NULL
506,81,NULL,NULL,NULL,NULL,1082,NULL
507,90,NULL,NULL,NULL,NULL,1083,NULL
508,91,NULL,NULL,NULL,NULL,1084,NULL
509,93,NULL,NULL,NULL,NULL,1085,NULL
510,92,NULL,NULL,NULL,NULL,1086,NULL
511,95,NULL,NULL,NULL,NULL,1087,NULL
512,94,NULL,NULL,NULL,NULL,1088,NULL
513,97,NULL,NULL,NULL,NULL,1089,NULL
514,99,NULL,NULL,NULL,NULL,1090,NULL
515,105,NULL,NULL,NULL,NULL,1091,NULL
516,96,NULL,NULL,NULL,NULL,1092,NULL
517,102,NULL,NULL,NULL,NULL,1093,NULL
518,106,NULL,NULL,NULL,NULL,1094,NULL
519,108,NULL,NULL,NULL,NULL,1095,NULL
520,98,NULL,NULL,NULL,NULL,1096,NULL
521,104,NULL,NULL,NULL,NULL,1097,NULL
522,107,NULL,NULL,NULL,NULL,1098,NULL
523,103,NULL,NULL,NULL,NULL,1099,NULL
524,100,NULL,NULL,NULL,NULL,1100,NULL
525,109,NULL,NULL,NULL,NULL,1101,NULL
526,110,NULL,NULL,NULL,NULL,1102,NULL
527,101,NULL,NULL,NULL,NULL,1103,NULL
528,114,NULL,NULL,NULL,NULL,1104,NULL
529,118,NULL,NULL,NULL,NULL,1105,NULL
530,112,NULL,NULL,NULL,NULL,1106,NULL
531,116,NULL,NULL,NULL,NULL,1107,NULL
532,113,NULL,NULL,NULL,NULL,1108,NULL
533,115,NULL,NULL,NULL,NULL,1109,NULL
534,117,NULL,NULL,NULL,NULL,1110,NULL
535,127,NULL,NULL,NULL,NULL,1111,NULL
536,126,NULL,NULL,NULL,NULL,1112,NULL
537,133,NULL,NULL,NULL,NULL,1113,NULL
538,123,NULL,NULL,NULL,NULL,1114,NULL
539,128,NULL,NULL,NULL,NULL,1115,NULL
540,125,NULL,NULL,NULL,NULL,1116,NULL
541,130,NULL,NULL,NULL,NULL,1117,NULL
542,120,NULL,NULL,NULL,NULL,1118,NULL
543,124,NULL,NULL,NULL,NULL,1119,NULL
544,121,NULL,NULL,NULL,NULL,1120,NULL
545,129,NULL,NULL,NULL,NULL,1121,NULL
546,132,NULL,NULL,NULL,NULL,1122,NULL
547,119,NULL,NULL,NULL,NULL,1123,NULL
548,131,NULL,NULL,NULL,NULL,1124,NULL
549,122,NULL,NULL,NULL,NULL,1125,NULL
550,135,NULL,NULL,NULL,NULL,1127,NULL
551,139,NULL,NULL,NULL,NULL,1128,NULL
552,140,NULL,NULL,NULL,NULL,1129,NULL
553,138,NULL,NULL,NULL,NULL,1130,NULL
554,134,NULL,NULL,NULL,NULL,1131,NULL
555,136,NULL,NULL,NULL,NULL,1132,NULL
556,137,NULL,NULL,NULL,NULL,1133,NULL
557,141,NULL,NULL,NULL,NULL,1134,NULL
558,142,NULL,NULL,NULL,NULL,1135,NULL
559,143,NULL,NULL,NULL,NULL,1136,NULL
560,144,NULL,NULL,NULL,NULL,1138,NULL
561,145,NULL,NULL,NULL,NULL,1139,NULL
562,146,NULL,NULL,NULL,NULL,1140,NULL
563,147,NULL,NULL,NULL,NULL,1141,NULL
564,148,NULL,NULL,NULL,NULL,1143,NULL
565,149,NULL,NULL,NULL,NULL,1144,NULL
566,150,NULL,NULL,NULL,NULL,1145,NULL
567,151,NULL,NULL,NULL,NULL,1146,NULL
568,152,NULL,NULL,NULL,NULL,1147,NULL
569,153,NULL,NULL,NULL,NULL,1148,NULL
570,154,NULL,NULL,NULL,NULL,1149,NULL
571,155,NULL,NULL,NULL,NULL,1150,NULL
572,4,NULL,NULL,NULL,NULL,1151,NULL
573,3,NULL,NULL,NULL,NULL,1155,NULL
574,2,NULL,NULL,NULL,NULL,1159,NULL
575,7,NULL,NULL,NULL,NULL,1163,NULL
576,1,NULL,NULL,NULL,NULL,1167,NULL
577,5,NULL,NULL,NULL,NULL,1171,NULL
578,6,NULL,NULL,NULL,NULL,1172,NULL
579,22,NULL,NULL,NULL,NULL,1175,NULL
580,21,NULL,NULL,NULL,NULL,1179,NULL
581,16,NULL,NULL,NULL,NULL,1181,NULL
582,15,NULL,NULL,NULL,NULL,1183,NULL
583,9,NULL,NULL,NULL,NULL,1184,NULL
584,13,NULL,NULL,NULL,NULL,1186,NULL
585,12,NULL,NULL,NULL,NULL,1190,NULL
586,14,NULL,NULL,NULL,NULL,1194,NULL
587,8,NULL,NULL,NULL,NULL,1197,NULL
588,20,NULL,NULL,NULL,NULL,1200,NULL
589,10,NULL,NULL,NULL,NULL,1202,NULL
590,19,NULL,NULL,NULL,NULL,1203,NULL
591,11,NULL,NULL,NULL,NULL,1205,NULL
592,18,NULL,NULL,NULL,NULL,1207,NULL
593,17,NULL,NULL,NULL,NULL,1208,NULL
594,26,NULL,NULL,NULL,NULL,1210,NULL
595,23,NULL,NULL,NULL,NULL,1212,NULL
596,24,NULL,NULL,NULL,NULL,1213,NULL
597,25,NULL,NULL,NULL,NULL,1216,NULL
598,28,NULL,NULL,NULL,NULL,1217,NULL
599,29,NULL,NULL,NULL,NULL,1218,NULL
600,27,NULL,NULL,NULL,NULL,1219,NULL
601,31,NULL,NULL,NULL,NULL,1222,NULL
602,41,NULL,NULL,NULL,NULL,1223,NULL
603,39,NULL,NULL,NULL,NULL,1224,NULL
604,37,NULL,NULL,NULL,NULL,1225,NULL
605,30,NULL,NULL,NULL,NULL,1228,NULL
606,36,NULL,NULL,NULL,NULL,1229,NULL
607,44,NULL,NULL,NULL,NULL,1230,NULL
608,34,NULL,NULL,NULL,NULL,1231,NULL
609,40,NULL,NULL,NULL,NULL,1232,NULL
610,32,NULL,NULL,NULL,NULL,1233,NULL
611,42,NULL,NULL,NULL,NULL,1235,NULL
612,33,NULL,NULL,NULL,NULL,1236,NULL
613,35,NULL,NULL,NULL,NULL,1237,NULL
614,43,NULL,NULL,NULL,NULL,1238,NULL
615,38,NULL,NULL,NULL,NULL,1239,NULL
616,51,NULL,NULL,NULL,NULL,1241,NULL
617,48,NULL,NULL,NULL,NULL,1242,NULL
618,46,NULL,NULL,NULL,NULL,1243,NULL
619,47,NULL,NULL,NULL,NULL,1244,NULL
620,50,NULL,NULL,NULL,NULL,1246,NULL
621,49,NULL,NULL,NULL,NULL,1247,NULL
622,45,NULL,NULL,NULL,NULL,1248,NULL
623,59,NULL,NULL,NULL,NULL,1249,NULL
624,65,NULL,NULL,NULL,NULL,1250,NULL
625,61,NULL,NULL,NULL,NULL,1251,NULL
626,55,NULL,NULL,NULL,NULL,1252,NULL
627,57,NULL,NULL,NULL,NULL,1253,NULL
628,63,NULL,NULL,NULL,NULL,1254,NULL
629,62,NULL,NULL,NULL,NULL,1255,NULL
630,60,NULL,NULL,NULL,NULL,1256,NULL
631,58,NULL,NULL,NULL,NULL,1257,NULL
632,53,NULL,NULL,NULL,NULL,1258,NULL
633,54,NULL,NULL,NULL,NULL,1259,NULL
634,64,NULL,NULL,NULL,NULL,1260,NULL
635,56,NULL,NULL,NULL,NULL,1261,NULL
636,66,NULL,NULL,NULL,NULL,1262,NULL
637,52,NULL,NULL,NULL,NULL,1263,NULL
638,68,NULL,NULL,NULL,NULL,1264,NULL
639,72,NULL,NULL,NULL,NULL,1265,NULL
640,67,NULL,NULL,NULL,NULL,1266,NULL
641,71,NULL,NULL,NULL,NULL,1267,NULL
642,73,NULL,NULL,NULL,NULL,1268,NULL
643,70,NULL,NULL,NULL,NULL,1269,NULL
644,69,NULL,NULL,NULL,NULL,1270,NULL
645,79,NULL,NULL,NULL,NULL,1271,NULL
646,88,NULL,NULL,NULL,NULL,1272,NULL
647,76,NULL,NULL,NULL,NULL,1273,NULL
648,81,NULL,NULL,NULL,NULL,1274,NULL
649,74,NULL,NULL,NULL,NULL,1275,NULL
650,77,NULL,NULL,NULL,NULL,1276,NULL
651,85,NULL,NULL,NULL,NULL,1277,NULL
652,87,NULL,NULL,NULL,NULL,1278,NULL
653,86,NULL,NULL,NULL,NULL,1279,NULL
654,75,NULL,NULL,NULL,NULL,1280,NULL
655,80,NULL,NULL,NULL,NULL,1281,NULL
656,82,NULL,NULL,NULL,NULL,1282,NULL
657,84,NULL,NULL,NULL,NULL,1283,NULL
658,83,NULL,NULL,NULL,NULL,1284,NULL
659,78,NULL,NULL,NULL,NULL,1285,NULL
660,94,NULL,NULL,NULL,NULL,1286,NULL
661,90,NULL,NULL,NULL,NULL,1287,NULL
662,89,NULL,NULL,NULL,NULL,1288,NULL
663,95,NULL,NULL,NULL,NULL,1289,NULL
664,91,NULL,NULL,NULL,NULL,1290,NULL
665,92,NULL,NULL,NULL,NULL,1291,NULL
666,93,NULL,NULL,NULL,NULL,1292,NULL
667,109,NULL,NULL,NULL,NULL,1293,NULL
668,107,NULL,NULL,NULL,NULL,1294,NULL
669,105,NULL,NULL,NULL,NULL,1295,NULL
670,108,NULL,NULL,NULL,NULL,1296,NULL
671,110,NULL,NULL,NULL,NULL,1297,NULL
672,103,NULL,NULL,NULL,NULL,1298,NULL
673,99,NULL,NULL,NULL,NULL,1299,NULL
674,106,NULL,NULL,NULL,NULL,1300,NULL
675,98,NULL,NULL,NULL,NULL,1301,NULL
676,100,NULL,NULL,NULL,NULL,1302,NULL
677,96,NULL,NULL,NULL,NULL,1303,NULL
678,104,NULL,NULL,NULL,NULL,1304,NULL
679,97,NULL,NULL,NULL,NULL,1305,NULL
680,101,NULL,NULL,NULL,NULL,1306,NULL
681,102,NULL,NULL,NULL,NULL,1307,NULL
682,113,NULL,NULL,NULL,NULL,1308,NULL
683,116,NULL,NULL,NULL,NULL,1309,NULL
684,112,NULL,NULL,NULL,NULL,1310,NULL
685,117,NULL,NULL,NULL,NULL,1311,NULL
686,115,NULL,NULL,NULL,NULL,1312,NULL
687,118,NULL,NULL,NULL,NULL,1313,NULL
688,114,NULL,NULL,NULL,NULL,1314,NULL
689,121,NULL,NULL,NULL,NULL,1315,NULL
690,125,NULL,NULL,NULL,NULL,1316,NULL
691,124,NULL,NULL,NULL,NULL,1317,NULL
692,126,NULL,NULL,NULL,NULL,1318,NULL
693,131,NULL,NULL,NULL,NULL,1319,NULL
694,120,NULL,NULL,NULL,NULL,1320,NULL
695,133,NULL,NULL,NULL,NULL,1321,NULL
696,129,NULL,NULL,NULL,NULL,1322,NULL
697,122,NULL,NULL,NULL,NULL,1323,NULL
698,128,NULL,NULL,NULL,NULL,1324,NULL
699,127,NULL,NULL,NULL,NULL,1325,NULL
700,132,NULL,NULL,NULL,NULL,1326,NULL
701,119,NULL,NULL,NULL,NULL,1327,NULL
702,130,NULL,NULL,NULL,NULL,1328,NULL
703,123,NULL,NULL,NULL,NULL,1329,NULL
704,134,NULL,NULL,NULL,NULL,1331,NULL
705,138,NULL,NULL,NULL,NULL,1332,NULL
706,140,NULL,NULL,NULL,NULL,1333,NULL
707,136,NULL,NULL,NULL,NULL,1334,NULL
708,137,NULL,NULL,NULL,NULL,1335,NULL
709,139,NULL,NULL,NULL,NULL,1336,NULL
710,135,NULL,NULL,NULL,NULL,1337,NULL
711,154,NULL,NULL,NULL,NULL,1338,NULL
712,144,NULL,NULL,NULL,NULL,1339,NULL
713,145,NULL,NULL,NULL,NULL,1340,NULL
714,152,NULL,NULL,NULL,NULL,1341,NULL
715,142,NULL,NULL,NULL,NULL,1342,NULL
716,146,NULL,NULL,NULL,NULL,1343,NULL
717,147,NULL,NULL,NULL,NULL,1344,NULL
718,148,NULL,NULL,NULL,NULL,1345,NULL
719,141,NULL,NULL,NULL,NULL,1346,NULL
720,143,NULL,NULL,NULL,NULL,1347,NULL
721,149,NULL,NULL,NULL,NULL,1348,NULL
722,151,NULL,NULL,NULL,NULL,1349,NULL
723,150,NULL,NULL,NULL,NULL,1350,NULL
724,155,NULL,NULL,NULL,NULL,1351,NULL
725,153,NULL,NULL,NULL,NULL,1352,NULL
726,159,NULL,NULL,NULL,NULL,1353,NULL
727,160,NULL,NULL,NULL,NULL,1354,NULL
728,157,NULL,NULL,NULL,NULL,1355,NULL
729,162,NULL,NULL,NULL,NULL,1356,NULL
730,156,NULL,NULL,NULL,NULL,1357,NULL
731,158,NULL,NULL,NULL,NULL,1358,NULL
732,161,NULL,NULL,NULL,NULL,1359,NULL
733,175,NULL,NULL,NULL,NULL,1360,NULL
734,169,NULL,NULL,NULL,NULL,1361,NULL
735,171,NULL,NULL,NULL,NULL,1362,NULL
736,173,NULL,NULL,NULL,NULL,1363,NULL
737,176,NULL,NULL,NULL,NULL,1364,NULL
738,164,NULL,NULL,NULL,NULL,1365,NULL
739,166,NULL,NULL,NULL,NULL,1366,NULL
740,165,NULL,NULL,NULL,NULL,1367,NULL
741,170,NULL,NULL,NULL,NULL,1368,NULL
742,163,NULL,NULL,NULL,NULL,1369,NULL
743,172,NULL,NULL,NULL,NULL,1370,NULL
744,167,NULL,NULL,NULL,NULL,1371,NULL
745,177,NULL,NULL,NULL,NULL,1372,NULL
746,168,NULL,NULL,NULL,NULL,1373,NULL
747,174,NULL,NULL,NULL,NULL,1374,NULL
748,182,NULL,NULL,NULL,NULL,1375,NULL
749,182,NULL,NULL,NULL,NULL,1381,NULL
750,179,NULL,NULL,NULL,NULL,1383,NULL
751,180,NULL,NULL,NULL,NULL,1388,NULL
752,181,NULL,NULL,NULL,NULL,1389,NULL
753,183,NULL,NULL,NULL,NULL,1390,NULL
754,184,NULL,NULL,NULL,NULL,1391,NULL
755,192,NULL,NULL,NULL,NULL,1392,NULL
756,193,NULL,NULL,NULL,NULL,1394,NULL
757,194,NULL,NULL,NULL,NULL,1395,NULL
758,195,NULL,NULL,NULL,NULL,1397,NULL
759,196,NULL,NULL,NULL,NULL,1398,NULL
760,197,NULL,NULL,NULL,NULL,1399,NULL
761,198,NULL,NULL,NULL,NULL,1400,NULL
762,199,NULL,NULL,NULL,NULL,1402,NULL
763,200,NULL,NULL,NULL,NULL,1403,NULL
764,201,NULL,NULL,NULL,NULL,1404,NULL
765,202,NULL,NULL,NULL,NULL,1405,NULL
766,203,NULL,NULL,NULL,NULL,1407,NULL
767,204,NULL,NULL,NULL,NULL,1408,NULL
768,205,NULL,NULL,NULL,NULL,1409,NULL
769,206,NULL,NULL,NULL,NULL,1410,NULL
770,186,NULL,NULL,NULL,NULL,1412,NULL
771,187,NULL,NULL,NULL,NULL,1413,NULL
772,188,NULL,NULL,NULL,NULL,1414,NULL
773,189,NULL,NULL,NULL,NULL,1415,NULL
774,190,NULL,NULL,NULL,NULL,1416,NULL
775,191,NULL,NULL,NULL,NULL,1417,NULL
776,207,NULL,NULL,NULL,NULL,1418,NULL
777,208,NULL,NULL,NULL,NULL,1419,NULL
778,209,NULL,NULL,NULL,NULL,1420,NULL
779,210,NULL,NULL,NULL,NULL,1421,NULL
780,211,NULL,NULL,NULL,NULL,1423,NULL
781,212,NULL,NULL,NULL,NULL,1424,NULL
782,213,NULL,NULL,NULL,NULL,1425,NULL
783,214,NULL,NULL,NULL,NULL,1426,NULL
784,215,NULL,NULL,NULL,NULL,1428,NULL
785,216,NULL,NULL,NULL,NULL,1429,NULL
786,217,NULL,NULL,NULL,NULL,1430,NULL
787,218,NULL,NULL,NULL,NULL,1431,NULL
788,219,NULL,NULL,NULL,NULL,1432,NULL
789,220,NULL,NULL,NULL,NULL,1433,NULL
790,221,NULL,NULL,NULL,NULL,1434,NULL
791,1,NULL,NULL,NULL,NULL,1435,NULL
792,2,NULL,NULL,NULL,NULL,1455,NULL
793,3,NULL,NULL,NULL,NULL,1472,NULL
794,4,NULL,NULL,NULL,NULL,1491,NULL
795,5,NULL,NULL,NULL,NULL,1508,NULL
796,6,NULL,NULL,NULL,NULL,1523,NULL
797,1,NULL,NULL,NULL,NULL,1538,NULL
798,2,NULL,NULL,NULL,NULL,1543,NULL
799,3,NULL,NULL,NULL,NULL,1544,NULL
800,4,NULL,NULL,NULL,NULL,1545,NULL
801,5,NULL,NULL,NULL,NULL,1547,NULL
802,6,NULL,NULL,NULL,NULL,1548,NULL
803,7,NULL,NULL,NULL,NULL,1549,NULL
804,8,NULL,NULL,NULL,NULL,1550,NULL
805,9,NULL,NULL,NULL,NULL,1552,NULL
806,10,NULL,NULL,NULL,NULL,1553,NULL
807,11,NULL,NULL,NULL,NULL,1554,NULL
808,12,NULL,NULL,NULL,NULL,1555,NULL
809,13,NULL,NULL,NULL,NULL,1557,NULL
810,14,NULL,NULL,NULL,NULL,1558,NULL
811,15,NULL,NULL,NULL,NULL,1559,NULL
812,16,NULL,NULL,NULL,NULL,1560,NULL
813,17,NULL,NULL,NULL,NULL,1562,NULL
814,18,NULL,NULL,NULL,NULL,1564,NULL
815,19,NULL,NULL,NULL,NULL,1565,NULL
816,20,NULL,NULL,NULL,NULL,1566,NULL
817,21,NULL,NULL,NULL,NULL,1567,NULL
818,22,NULL,NULL,NULL,NULL,1569,NULL
819,23,NULL,NULL,NULL,NULL,1570,NULL
820,24,NULL,NULL,NULL,NULL,1571,NULL
821,25,NULL,NULL,NULL,NULL,1573,NULL
822,26,NULL,NULL,NULL,NULL,1574,NULL
823,27,NULL,NULL,NULL,NULL,1575,NULL
824,28,NULL,NULL,NULL,NULL,1576,NULL
825,29,NULL,NULL,NULL,NULL,1578,NULL
826,30,NULL,NULL,NULL,NULL,1579,NULL
827,31,NULL,NULL,NULL,NULL,1580,NULL
828,32,NULL,NULL,NULL,NULL,1581,NULL
829,33,NULL,NULL,NULL,NULL,1583,NULL
830,34,NULL,NULL,NULL,NULL,1584,NULL
831,35,NULL,NULL,NULL,NULL,1585,NULL
832,36,NULL,NULL,NULL,NULL,1586,NULL
833,7,NULL,NULL,NULL,NULL,1588,NULL
834,8,NULL,NULL,NULL,NULL,1598,NULL
835,9,NULL,NULL,NULL,NULL,1608,NULL
836,10,NULL,NULL,NULL,NULL,1622,NULL
837,11,NULL,NULL,NULL,NULL,1638,NULL
838,12,NULL,NULL,NULL,NULL,1657,NULL
839,37,NULL,NULL,NULL,NULL,1673,NULL
840,38,NULL,NULL,NULL,NULL,1674,NULL
841,39,NULL,NULL,NULL,NULL,1675,NULL
842,40,NULL,NULL,NULL,NULL,1676,NULL
843,41,NULL,NULL,NULL,NULL,1678,NULL
844,42,NULL,NULL,NULL,NULL,1679,NULL
845,43,NULL,NULL,NULL,NULL,1680,NULL
846,44,NULL,NULL,NULL,NULL,1681,NULL
847,45,NULL,NULL,NULL,NULL,1682,NULL
848,46,NULL,NULL,NULL,NULL,1684,NULL
849,47,NULL,NULL,NULL,NULL,1685,NULL
850,48,NULL,NULL,NULL,NULL,1686,NULL
851,49,NULL,NULL,NULL,NULL,1687,NULL
852,50,NULL,NULL,NULL,NULL,1689,NULL
853,51,NULL,NULL,NULL,NULL,1690,NULL
854,52,NULL,NULL,NULL,NULL,1691,NULL
855,53,NULL,NULL,NULL,NULL,1693,NULL
856,54,NULL,NULL,NULL,NULL,1694,NULL
857,55,NULL,NULL,NULL,NULL,1695,NULL
858,56,NULL,NULL,NULL,NULL,1696,NULL
859,57,NULL,NULL,NULL,NULL,1698,NULL
860,58,NULL,NULL,NULL,NULL,1699,NULL
861,59,NULL,NULL,NULL,NULL,1700,NULL
862,60,NULL,NULL,NULL,NULL,1701,NULL
863,61,NULL,NULL,NULL,NULL,1703,NULL
864,62,NULL,NULL,NULL,NULL,1704,NULL
865,63,NULL,NULL,NULL,NULL,1705,NULL
866,64,NULL,NULL,NULL,NULL,1706,NULL
867,65,NULL,NULL,NULL,NULL,1708,NULL
868,66,NULL,NULL,NULL,NULL,1709,NULL
869,67,NULL,NULL,NULL,NULL,1710,NULL
870,68,NULL,NULL,NULL,NULL,1711,NULL
871,69,NULL,NULL,NULL,NULL,1713,NULL
872,70,NULL,NULL,NULL,NULL,1714,NULL
873,71,NULL,NULL,NULL,NULL,1715,NULL
874,72,NULL,NULL,NULL,NULL,1716,NULL
875,13,NULL,NULL,NULL,NULL,1718,NULL
876,14,NULL,NULL,NULL,NULL,1733,NULL
877,15,NULL,NULL,NULL,NULL,1748,NULL
878,16,NULL,NULL,NULL,NULL,1764,NULL
879,17,NULL,NULL,NULL,NULL,1779,NULL
880,1,NULL,NULL,NULL,NULL,1796,NULL
881,73,NULL,NULL,NULL,NULL,1809,NULL
882,74,NULL,NULL,NULL,NULL,1810,NULL
883,75,NULL,NULL,NULL,NULL,1811,NULL
884,76,NULL,NULL,NULL,NULL,1812,NULL
885,77,NULL,NULL,NULL,NULL,1814,NULL
886,78,NULL,NULL,NULL,NULL,1815,NULL
887,79,NULL,NULL,NULL,NULL,1816,NULL
888,80,NULL,NULL,NULL,NULL,1817,NULL
889,81,NULL,NULL,NULL,NULL,1819,NULL
890,82,NULL,NULL,NULL,NULL,1820,NULL
891,83,NULL,NULL,NULL,NULL,1821,NULL
892,84,NULL,NULL,NULL,NULL,1822,NULL
893,85,NULL,NULL,NULL,NULL,1824,NULL
894,86,NULL,NULL,NULL,NULL,1825,NULL
895,87,NULL,NULL,NULL,NULL,1826,NULL
896,88,NULL,NULL,NULL,NULL,1827,NULL
897,89,NULL,NULL,NULL,NULL,1829,NULL
898,90,NULL,NULL,NULL,NULL,1830,NULL
899,91,NULL,NULL,NULL,NULL,1831,NULL
900,92,NULL,NULL,NULL,NULL,1832,NULL
901,93,NULL,NULL,NULL,NULL,1834,NULL
902,94,NULL,NULL,NULL,NULL,1835,NULL
903,95,NULL,NULL,NULL,NULL,1836,NULL
904,96,NULL,NULL,NULL,NULL,1837,NULL
905,97,NULL,NULL,NULL,NULL,1839,NULL
906,98,NULL,NULL,NULL,NULL,1840,NULL
907,99,NULL,NULL,NULL,NULL,1841,NULL
908,100,NULL,NULL,NULL,NULL,1842,NULL
909,101,NULL,NULL,NULL,NULL,1844,NULL
910,102,NULL,NULL,NULL,NULL,1845,NULL
911,103,NULL,NULL,NULL,NULL,1846,NULL
912,104,NULL,NULL,NULL,NULL,1847,NULL
913,105,NULL,NULL,NULL,NULL,1849,NULL
914,106,NULL,NULL,NULL,NULL,1850,NULL
915,107,NULL,NULL,NULL,NULL,1851,NULL
916,108,NULL,NULL,NULL,NULL,1852,NULL
917,2,NULL,NULL,NULL,NULL,1854,NULL
918,4,NULL,NULL,NULL,NULL,1880,NULL
919,5,NULL,NULL,NULL,NULL,1893,NULL
920,1,NULL,NULL,NULL,NULL,1905,NULL
921,109,NULL,NULL,NULL,NULL,1924,NULL
922,110,NULL,NULL,NULL,NULL,1925,NULL
923,111,NULL,NULL,NULL,NULL,1926,NULL
924,112,NULL,NULL,NULL,NULL,1927,NULL
925,113,NULL,NULL,NULL,NULL,1929,NULL
926,114,NULL,NULL,NULL,NULL,1930,NULL
927,115,NULL,NULL,NULL,NULL,1931,NULL
928,116,NULL,NULL,NULL,NULL,1932,NULL
929,117,NULL,NULL,NULL,NULL,1934,NULL
930,118,NULL,NULL,NULL,NULL,1935,NULL
931,119,NULL,NULL,NULL,NULL,1936,NULL
932,120,NULL,NULL,NULL,NULL,1937,NULL
933,121,NULL,NULL,NULL,NULL,1939,NULL
934,122,NULL,NULL,NULL,NULL,1940,NULL
935,123,NULL,NULL,NULL,NULL,1941,NULL
936,124,NULL,NULL,NULL,NULL,1942,NULL
937,125,NULL,NULL,NULL,NULL,1944,NULL
938,126,NULL,NULL,NULL,NULL,1945,NULL
939,127,NULL,NULL,NULL,NULL,1946,NULL
940,128,NULL,NULL,NULL,NULL,1947,NULL
941,129,NULL,NULL,NULL,NULL,1949,NULL
942,130,NULL,NULL,NULL,NULL,1950,NULL
943,131,NULL,NULL,NULL,NULL,1951,NULL
944,132,NULL,NULL,NULL,NULL,1952,NULL
945,133,NULL,NULL,NULL,NULL,1954,NULL
946,134,NULL,NULL,NULL,NULL,1955,NULL
947,135,NULL,NULL,NULL,NULL,1956,NULL
948,136,NULL,NULL,NULL,NULL,1957,NULL
949,137,NULL,NULL,NULL,NULL,1959,NULL
950,138,NULL,NULL,NULL,NULL,1960,NULL
951,139,NULL,NULL,NULL,NULL,1961,NULL
952,140,NULL,NULL,NULL,NULL,1963,NULL
953,141,NULL,NULL,NULL,NULL,1965,NULL
954,142,NULL,NULL,NULL,NULL,1966,NULL
955,143,NULL,NULL,NULL,NULL,1967,NULL
956,144,NULL,NULL,NULL,NULL,1968,NULL
957,145,NULL,NULL,NULL,NULL,1970,NULL
958,1,NULL,NULL,NULL,NULL,1971,NULL
959,2,NULL,NULL,NULL,NULL,1985,NULL
960,3,NULL,NULL,NULL,NULL,1997,NULL
961,4,NULL,NULL,NULL,NULL,2009,NULL
962,5,NULL,NULL,NULL,NULL,2021,NULL
963,6,NULL,NULL,NULL,NULL,2033,NULL
964,91,NULL,NULL,NULL,NULL,2045,NULL
965,92,NULL,NULL,NULL,NULL,2049,NULL
966,93,NULL,NULL,NULL,NULL,2051,NULL
967,94,NULL,NULL,NULL,NULL,2052,NULL
968,95,NULL,NULL,NULL,NULL,2053,NULL
969,96,NULL,NULL,NULL,NULL,2054,NULL
970,97,NULL,NULL,NULL,NULL,2056,NULL
971,98,NULL,NULL,NULL,NULL,2057,NULL
972,99,NULL,NULL,NULL,NULL,2059,NULL
973,100,NULL,NULL,NULL,NULL,2060,NULL
974,101,NULL,NULL,NULL,NULL,2061,NULL
975,102,NULL,NULL,NULL,NULL,2062,NULL
976,103,NULL,NULL,NULL,NULL,2064,NULL
977,104,NULL,NULL,NULL,NULL,2065,NULL
978,105,NULL,NULL,NULL,NULL,2066,NULL
979,106,NULL,NULL,NULL,NULL,2067,NULL
980,107,NULL,NULL,NULL,NULL,2069,NULL
981,108,NULL,NULL,NULL,NULL,2070,NULL
982,109,NULL,NULL,NULL,NULL,2071,NULL
983,110,NULL,NULL,NULL,NULL,2072,NULL
984,112,NULL,NULL,NULL,NULL,2074,NULL
985,113,NULL,NULL,NULL,NULL,2075,NULL
986,114,NULL,NULL,NULL,NULL,2076,NULL
987,115,NULL,NULL,NULL,NULL,2077,NULL
988,116,NULL,NULL,NULL,NULL,2079,NULL
989,117,NULL,NULL,NULL,NULL,2080,NULL
990,118,NULL,NULL,NULL,NULL,2081,NULL
991,119,NULL,NULL,NULL,NULL,2082,NULL
992,120,NULL,NULL,NULL,NULL,2084,NULL
993,121,NULL,NULL,NULL,NULL,2085,NULL
994,122,NULL,NULL,NULL,NULL,2086,NULL
995,123,NULL,NULL,NULL,NULL,2087,NULL
996,124,NULL,NULL,NULL,NULL,2089,NULL
997,125,NULL,NULL,NULL,NULL,2090,NULL
998,126,NULL,NULL,NULL,NULL,2091,NULL
999,127,NULL,NULL,NULL,NULL,2092,NULL
1000,7,NULL,NULL,NULL,NULL,2094,NULL
1001,8,NULL,NULL,NULL,NULL,2106,NULL
1002,9,NULL,NULL,NULL,NULL,2118,NULL
1003,10,NULL,NULL,NULL,NULL,2130,NULL
1004,11,NULL,NULL,NULL,NULL,2142,NULL
1005,128,NULL,NULL,NULL,NULL,2153,NULL
1006,129,NULL,NULL,NULL,NULL,2154,NULL
1007,130,NULL,NULL,NULL,NULL,2155,NULL
1008,131,NULL,NULL,NULL,NULL,2156,NULL
1009,132,NULL,NULL,NULL,NULL,2158,NULL
1010,133,NULL,NULL,NULL,NULL,2159,NULL
1011,134,NULL,NULL,NULL,NULL,2160,NULL
1012,135,NULL,NULL,NULL,NULL,2161,NULL
1013,136,NULL,NULL,NULL,NULL,2163,NULL
1014,137,NULL,NULL,NULL,NULL,2164,NULL
1015,138,NULL,NULL,NULL,NULL,2165,NULL
1016,139,NULL,NULL,NULL,NULL,2166,NULL
1017,140,NULL,NULL,NULL,NULL,2168,NULL
1018,141,NULL,NULL,NULL,NULL,2169,NULL
1019,142,NULL,NULL,NULL,NULL,2170,NULL
1020,143,NULL,NULL,NULL,NULL,2171,NULL
1021,144,NULL,NULL,NULL,NULL,2173,NULL
1022,145,NULL,NULL,NULL,NULL,2174,NULL
1023,146,NULL,NULL,NULL,NULL,2175,NULL
1024,147,NULL,NULL,NULL,NULL,2176,NULL
1025,148,NULL,NULL,NULL,NULL,2178,NULL
1026,149,NULL,NULL,NULL,NULL,2179,NULL
1027,150,NULL,NULL,NULL,NULL,2180,NULL
1028,151,NULL,NULL,NULL,NULL,2181,NULL
1029,152,NULL,NULL,NULL,NULL,2183,NULL
1030,153,NULL,NULL,NULL,NULL,2184,NULL
1031,154,NULL,NULL,NULL,NULL,2185,NULL
1032,155,NULL,NULL,NULL,NULL,2186,NULL
1033,156,NULL,NULL,NULL,NULL,2188,NULL
1034,157,NULL,NULL,NULL,NULL,2189,NULL
1035,158,NULL,NULL,NULL,NULL,2190,NULL
1036,159,NULL,NULL,NULL,NULL,2191,NULL
1037,160,NULL,NULL,NULL,NULL,2193,NULL
1038,161,NULL,NULL,NULL,NULL,2194,NULL
1039,162,NULL,NULL,NULL,NULL,2195,NULL
1040,163,NULL,NULL,NULL,NULL,2196,NULL
1041,1,NULL,NULL,NULL,NULL,2198,NULL
1042,2,NULL,NULL,NULL,NULL,2204,NULL
1043,3,NULL,NULL,NULL,NULL,2205,NULL
1044,4,NULL,NULL,NULL,NULL,2206,NULL
1045,5,NULL,NULL,NULL,NULL,2208,NULL
1046,6,NULL,NULL,NULL,NULL,2209,NULL
1047,1,NULL,NULL,NULL,NULL,2211,NULL
1048,7,NULL,NULL,NULL,NULL,2226,NULL
1049,8,NULL,NULL,NULL,NULL,2227,NULL
1050,9,NULL,NULL,NULL,NULL,2228,NULL
1051,10,NULL,NULL,NULL,NULL,2229,NULL
1052,11,NULL,NULL,NULL,NULL,2231,NULL
1053,12,NULL,NULL,NULL,NULL,2232,NULL
1054,2,NULL,NULL,NULL,NULL,2233,NULL
1055,13,NULL,NULL,NULL,NULL,2244,NULL
1056,14,NULL,NULL,NULL,NULL,2245,NULL
1057,15,NULL,NULL,NULL,NULL,2247,NULL
1058,16,NULL,NULL,NULL,NULL,2248,NULL
1059,17,NULL,NULL,NULL,NULL,2249,NULL
1060,18,NULL,NULL,NULL,NULL,2250,NULL
1061,3,NULL,NULL,NULL,NULL,2252,NULL
1062,19,NULL,NULL,NULL,NULL,2263,NULL
1063,20,NULL,NULL,NULL,NULL,2264,NULL
1064,21,NULL,NULL,NULL,NULL,2265,NULL
1065,22,NULL,NULL,NULL,NULL,2266,NULL
1066,23,NULL,NULL,NULL,NULL,2268,NULL
1067,24,NULL,NULL,NULL,NULL,2269,NULL
1068,4,NULL,NULL,NULL,NULL,2270,NULL
1069,25,NULL,NULL,NULL,NULL,2281,NULL
1070,26,NULL,NULL,NULL,NULL,2282,NULL
1071,27,NULL,NULL,NULL,NULL,2284,NULL
1072,28,NULL,NULL,NULL,NULL,2285,NULL
1073,29,NULL,NULL,NULL,NULL,2286,NULL
1074,30,NULL,NULL,NULL,NULL,2287,NULL
1075,5,NULL,NULL,NULL,NULL,2289,NULL
1076,31,NULL,NULL,NULL,NULL,2300,NULL
1077,32,NULL,NULL,NULL,NULL,2301,NULL
1078,33,NULL,NULL,NULL,NULL,2302,NULL
1079,34,NULL,NULL,NULL,NULL,2303,NULL
1080,35,NULL,NULL,NULL,NULL,2305,NULL
1081,36,NULL,NULL,NULL,NULL,2306,NULL
1082,6,NULL,NULL,NULL,NULL,2307,NULL
1083,37,NULL,NULL,NULL,NULL,2327,NULL
1084,38,NULL,NULL,NULL,NULL,2328,NULL
1085,39,NULL,NULL,NULL,NULL,2330,NULL
1086,40,NULL,NULL,NULL,NULL,2331,NULL
1087,41,NULL,NULL,NULL,NULL,2332,NULL
1088,42,NULL,NULL,NULL,NULL,2333,NULL
1089,7,NULL,NULL,NULL,NULL,2335,NULL
1090,43,NULL,NULL,NULL,NULL,2346,NULL
1091,44,NULL,NULL,NULL,NULL,2347,NULL
1092,45,NULL,NULL,NULL,NULL,2348,NULL
1093,46,NULL,NULL,NULL,NULL,2349,NULL
1094,47,NULL,NULL,NULL,NULL,2351,NULL
1095,48,NULL,NULL,NULL,NULL,2352,NULL
1096,49,NULL,NULL,NULL,NULL,2364,NULL
1097,50,NULL,NULL,NULL,NULL,2365,NULL
1098,51,NULL,NULL,NULL,NULL,2367,NULL
1099,52,NULL,NULL,NULL,NULL,2368,NULL
1100,53,NULL,NULL,NULL,NULL,2369,NULL
1101,54,NULL,NULL,NULL,NULL,2370,NULL
1102,9,NULL,NULL,NULL,NULL,2372,NULL
1103,55,NULL,NULL,NULL,NULL,2383,NULL
1104,56,NULL,NULL,NULL,NULL,2384,NULL
1105,57,NULL,NULL,NULL,NULL,2385,NULL
1106,58,NULL,NULL,NULL,NULL,2386,NULL
1107,59,NULL,NULL,NULL,NULL,2388,NULL
1108,60,NULL,NULL,NULL,NULL,2389,NULL
1109,10,NULL,NULL,NULL,NULL,2390,NULL
1110,80,NULL,NULL,NULL,NULL,2400,NULL
1111,81,NULL,NULL,NULL,NULL,2404,NULL
1112,82,NULL,NULL,NULL,NULL,2406,NULL
1113,83,NULL,NULL,NULL,NULL,2407,NULL
1114,84,NULL,NULL,NULL,NULL,2408,NULL
1115,85,NULL,NULL,NULL,NULL,2409,NULL
1116,86,NULL,NULL,NULL,NULL,2411,NULL
1117,87,NULL,NULL,NULL,NULL,2412,NULL
1118,88,NULL,NULL,NULL,NULL,2413,NULL
1119,89,NULL,NULL,NULL,NULL,2414,NULL
1120,177,NULL,NULL,NULL,NULL,2416,NULL
1121,178,NULL,NULL,NULL,NULL,2417,NULL
1122,179,NULL,NULL,NULL,NULL,2418,NULL
1123,180,NULL,NULL,NULL,NULL,2419,NULL
1124,181,NULL,NULL,NULL,NULL,2421,NULL
1125,13,NULL,NULL,NULL,NULL,2422,NULL
1126,14,NULL,NULL,NULL,NULL,2429,NULL
1127,15,NULL,NULL,NULL,NULL,2430,NULL
1128,16,NULL,NULL,NULL,NULL,2431,NULL
1129,17,NULL,NULL,NULL,NULL,2432,NULL
1130,18,NULL,NULL,NULL,NULL,2433,NULL
1131,19,NULL,NULL,NULL,NULL,2434,NULL
1132,20,NULL,NULL,NULL,NULL,2435,NULL
1133,21,NULL,NULL,NULL,NULL,2436,NULL
1134,105,NULL,NULL,NULL,NULL,2437,NULL
1135,106,NULL,NULL,NULL,NULL,2441,NULL
1136,107,NULL,NULL,NULL,NULL,2442,NULL
1137,108,NULL,NULL,NULL,NULL,2443,NULL
1138,109,NULL,NULL,NULL,NULL,2445,NULL
1139,110,NULL,NULL,NULL,NULL,2446,NULL
1140,112,NULL,NULL,NULL,NULL,2447,NULL
1141,113,NULL,NULL,NULL,NULL,2448,NULL
1142,114,NULL,NULL,NULL,NULL,2450,NULL
1143,115,NULL,NULL,NULL,NULL,2451,NULL
1144,116,NULL,NULL,NULL,NULL,2452,NULL
1145,117,NULL,NULL,NULL,NULL,2453,NULL
1146,118,NULL,NULL,NULL,NULL,2455,NULL
1147,119,NULL,NULL,NULL,NULL,2456,NULL
1148,120,NULL,NULL,NULL,NULL,2457,NULL
1149,35,NULL,NULL,NULL,NULL,2458,NULL
1150,36,NULL,NULL,NULL,NULL,2465,NULL
1151,37,NULL,NULL,NULL,NULL,2466,NULL
1152,38,NULL,NULL,NULL,NULL,2467,NULL
1153,39,NULL,NULL,NULL,NULL,2468,NULL
1154,40,NULL,NULL,NULL,NULL,2469,NULL
1155,41,NULL,NULL,NULL,NULL,2470,NULL
1156,42,NULL,NULL,NULL,NULL,2471,NULL
1157,43,NULL,NULL,NULL,NULL,2472,NULL
1158,44,NULL,NULL,NULL,NULL,2473,NULL
1159,45,NULL,NULL,NULL,NULL,2474,NULL
1160,46,NULL,NULL,NULL,NULL,2476,NULL
1161,47,NULL,NULL,NULL,NULL,2477,NULL
1162,48,NULL,NULL,NULL,NULL,2481,NULL
1163,49,NULL,NULL,NULL,NULL,2482,NULL
1164,129,NULL,NULL,NULL,NULL,2483,NULL
1165,130,NULL,NULL,NULL,NULL,2487,NULL
1166,131,NULL,NULL,NULL,NULL,2488,NULL
1167,132,NULL,NULL,NULL,NULL,2489,NULL
1168,133,NULL,NULL,NULL,NULL,2490,NULL
1169,134,NULL,NULL,NULL,NULL,2492,NULL
1170,135,NULL,NULL,NULL,NULL,2493,NULL
1171,136,NULL,NULL,NULL,NULL,2494,NULL
1172,137,NULL,NULL,NULL,NULL,2495,NULL
1173,138,NULL,NULL,NULL,NULL,2497,NULL
1174,139,NULL,NULL,NULL,NULL,2498,NULL
1175,140,NULL,NULL,NULL,NULL,2499,NULL
1176,141,NULL,NULL,NULL,NULL,2500,NULL
1177,142,NULL,NULL,NULL,NULL,2502,NULL
1178,143,NULL,NULL,NULL,NULL,2503,NULL
1179,50,NULL,NULL,NULL,NULL,2504,NULL
1180,51,NULL,NULL,NULL,NULL,2506,NULL
1181,52,NULL,NULL,NULL,NULL,2507,NULL
1182,159,NULL,NULL,NULL,NULL,2509,NULL
1183,160,NULL,NULL,NULL,NULL,2513,NULL
1184,161,NULL,NULL,NULL,NULL,2514,NULL
1185,162,NULL,NULL,NULL,NULL,2516,NULL
1186,163,NULL,NULL,NULL,NULL,2517,NULL
1187,164,NULL,NULL,NULL,NULL,2518,NULL
1188,165,NULL,NULL,NULL,NULL,2519,NULL
1189,166,NULL,NULL,NULL,NULL,2521,NULL
1190,167,NULL,NULL,NULL,NULL,2522,NULL
1191,168,NULL,NULL,NULL,NULL,2523,NULL
1192,169,NULL,NULL,NULL,NULL,2525,NULL
1193,170,NULL,NULL,NULL,NULL,2526,NULL
1194,171,NULL,NULL,NULL,NULL,2527,NULL
1195,172,NULL,NULL,NULL,NULL,2528,NULL
1196,173,NULL,NULL,NULL,NULL,2529,NULL
1197,1,NULL,NULL,NULL,NULL,2530,NULL
1198,2,NULL,NULL,NULL,NULL,2531,NULL
1199,3,NULL,NULL,NULL,NULL,2532,NULL
1200,4,NULL,NULL,NULL,NULL,2533,NULL
1201,5,NULL,NULL,NULL,NULL,2534,NULL
1202,6,NULL,NULL,NULL,NULL,2535,NULL
1203,7,NULL,NULL,NULL,NULL,2536,NULL
1204,8,NULL,NULL,NULL,NULL,2537,NULL
1205,9,NULL,NULL,NULL,NULL,2538,NULL
1206,10,NULL,NULL,NULL,NULL,2539,NULL
1207,11,NULL,NULL,NULL,NULL,2540,NULL
1208,12,NULL,NULL,NULL,NULL,2541,NULL
1209,13,NULL,NULL,NULL,NULL,2542,NULL
1210,14,NULL,NULL,NULL,NULL,2544,NULL
1211,15,NULL,NULL,NULL,NULL,2545,NULL
1212,16,NULL,NULL,NULL,NULL,2546,NULL
1213,17,NULL,NULL,NULL,NULL,2547,NULL
1214,18,NULL,NULL,NULL,NULL,2549,NULL
1215,19,NULL,NULL,NULL,NULL,2550,NULL
1216,20,NULL,NULL,NULL,NULL,2551,NULL
1217,21,NULL,NULL,NULL,NULL,2552,NULL
1218,22,NULL,NULL,NULL,NULL,2554,NULL
1219,23,NULL,NULL,NULL,NULL,2555,NULL
1220,24,NULL,NULL,NULL,NULL,2556,NULL
1221,25,NULL,NULL,NULL,NULL,2557,NULL
1222,26,NULL,NULL,NULL,NULL,2559,NULL
1223,27,NULL,NULL,NULL,NULL,2560,NULL
1224,28,NULL,NULL,NULL,NULL,2561,NULL
1225,29,NULL,NULL,NULL,NULL,2562,NULL
1226,30,NULL,NULL,NULL,NULL,2564,NULL
1227,31,NULL,NULL,NULL,NULL,2565,NULL
1228,32,NULL,NULL,NULL,NULL,2566,NULL
1229,33,NULL,NULL,NULL,NULL,2567,NULL
1230,34,NULL,NULL,NULL,NULL,2569,NULL
1231,35,NULL,NULL,NULL,NULL,2570,NULL
1232,36,NULL,NULL,NULL,NULL,2571,NULL
1233,37,NULL,NULL,NULL,NULL,2572,NULL
1234,38,NULL,NULL,NULL,NULL,2574,NULL
1235,39,NULL,NULL,NULL,NULL,2575,NULL
1236,40,NULL,NULL,NULL,NULL,2576,NULL
1237,41,NULL,NULL,NULL,NULL,2577,NULL
1238,42,NULL,NULL,NULL,NULL,2579,NULL
1239,43,NULL,NULL,NULL,NULL,2580,NULL
1240,44,NULL,NULL,NULL,NULL,2581,NULL
1241,45,NULL,NULL,NULL,NULL,2582,NULL
1242,46,NULL,NULL,NULL,NULL,2584,NULL
1243,47,NULL,NULL,NULL,NULL,2585,NULL
1244,48,NULL,NULL,NULL,NULL,2586,NULL
1245,49,NULL,NULL,NULL,NULL,2587,NULL
1246,50,NULL,NULL,NULL,NULL,2589,NULL
1247,51,NULL,NULL,NULL,NULL,2590,NULL
1248,52,NULL,NULL,NULL,NULL,2591,NULL
1249,53,NULL,NULL,NULL,NULL,2592,NULL
1250,54,NULL,NULL,NULL,NULL,2594,NULL
1251,55,NULL,NULL,NULL,NULL,2595,NULL
1252,56,NULL,NULL,NULL,NULL,2596,NULL
1253,57,NULL,NULL,NULL,NULL,2597,NULL
1254,58,NULL,NULL,NULL,NULL,2599,NULL
1255,59,NULL,NULL,NULL,NULL,2600,NULL
1256,60,NULL,NULL,NULL,NULL,2601,NULL
1257,61,NULL,NULL,NULL,NULL,2602,NULL
1258,62,NULL,NULL,NULL,NULL,2604,NULL
1259,63,NULL,NULL,NULL,NULL,2605,NULL
1260,64,NULL,NULL,NULL,NULL,2606,NULL
1261,65,NULL,NULL,NULL,NULL,2607,NULL
1262,66,NULL,NULL,NULL,NULL,2608,NULL
1263,67,NULL,NULL,NULL,NULL,2609,NULL
1264,68,NULL,NULL,NULL,NULL,2610,NULL
1265,69,NULL,NULL,NULL,NULL,2611,NULL
1266,70,NULL,NULL,NULL,NULL,2612,NULL
1267,71,NULL,NULL,NULL,NULL,2613,NULL
1268,72,NULL,NULL,NULL,NULL,2614,NULL
1269,174,NULL,NULL,NULL,NULL,2615,NULL
1270,175,NULL,NULL,NULL,NULL,2616,NULL
1271,176,NULL,NULL,NULL,NULL,2617,NULL
1272,1,NULL,NULL,NULL,NULL,2618,NULL
1273,2,NULL,NULL,NULL,NULL,2621,NULL
1274,3,NULL,NULL,NULL,NULL,2622,NULL
1275,4,NULL,NULL,NULL,NULL,2623,NULL
1276,5,NULL,NULL,NULL,NULL,2624,NULL
1277,6,NULL,NULL,NULL,NULL,2625,NULL
1278,7,NULL,NULL,NULL,NULL,2626,NULL
1279,8,NULL,NULL,NULL,NULL,2627,NULL
1280,9,NULL,NULL,NULL,NULL,2628,NULL
1281,10,NULL,NULL,NULL,NULL,2629,NULL
1282,11,NULL,NULL,NULL,NULL,2630,NULL
1283,12,NULL,NULL,NULL,NULL,2631,NULL
1284,90,NULL,NULL,NULL,NULL,2632,NULL
1285,91,NULL,NULL,NULL,NULL,2633,NULL
1286,92,NULL,NULL,NULL,NULL,2634,NULL
1287,93,NULL,NULL,NULL,NULL,2636,NULL
1288,94,NULL,NULL,NULL,NULL,2637,NULL
1289,95,NULL,NULL,NULL,NULL,2638,NULL
1290,96,NULL,NULL,NULL,NULL,2639,NULL
1291,97,NULL,NULL,NULL,NULL,2640,NULL
1292,98,NULL,NULL,NULL,NULL,2641,NULL
1293,99,NULL,NULL,NULL,NULL,2642,NULL
1294,100,NULL,NULL,NULL,NULL,2643,NULL
1295,101,NULL,NULL,NULL,NULL,2644,NULL
1296,102,NULL,NULL,NULL,NULL,2645,NULL
1297,103,NULL,NULL,NULL,NULL,2646,NULL
1298,104,NULL,NULL,NULL,NULL,2647,NULL
1299,22,NULL,NULL,NULL,NULL,2648,NULL
1300,23,NULL,NULL,NULL,NULL,2649,NULL
1301,24,NULL,NULL,NULL,NULL,2650,NULL
1302,25,NULL,NULL,NULL,NULL,2652,NULL
1303,26,NULL,NULL,NULL,NULL,2653,NULL
1304,27,NULL,NULL,NULL,NULL,2654,NULL
1305,29,NULL,NULL,NULL,NULL,2655,NULL
1306,30,NULL,NULL,NULL,NULL,2656,NULL
1307,31,NULL,NULL,NULL,NULL,2657,NULL
1308,32,NULL,NULL,NULL,NULL,2658,NULL
1309,33,NULL,NULL,NULL,NULL,2659,NULL
1310,34,NULL,NULL,NULL,NULL,2660,NULL
1311,121,NULL,NULL,NULL,NULL,2661,NULL
1312,122,NULL,NULL,NULL,NULL,2662,NULL
1313,123,NULL,NULL,NULL,NULL,2663,NULL
1314,124,NULL,NULL,NULL,NULL,2664,NULL
1315,125,NULL,NULL,NULL,NULL,2665,NULL
1316,126,NULL,NULL,NULL,NULL,2666,NULL
1317,127,NULL,NULL,NULL,NULL,2667,NULL
1318,128,NULL,NULL,NULL,NULL,2668,NULL
1319,144,NULL,NULL,NULL,NULL,2669,NULL
1320,145,NULL,NULL,NULL,NULL,2670,NULL
1321,146,NULL,NULL,NULL,NULL,2672,NULL
1322,147,NULL,NULL,NULL,NULL,2673,NULL
1323,148,NULL,NULL,NULL,NULL,2674,NULL
1324,149,NULL,NULL,NULL,NULL,2675,NULL
1325,150,NULL,NULL,NULL,NULL,2676,NULL
1326,151,NULL,NULL,NULL,NULL,2677,NULL
1327,152,NULL,NULL,NULL,NULL,2678,NULL
1328,153,NULL,NULL,NULL,NULL,2679,NULL
1329,154,NULL,NULL,NULL,NULL,2680,NULL
1330,155,NULL,NULL,NULL,NULL,2681,NULL
1331,156,NULL,NULL,NULL,NULL,2682,NULL
1332,157,NULL,NULL,NULL,NULL,2683,NULL
1333,158,NULL,NULL,NULL,NULL,2684,NULL
1334,116,NULL,NULL,NULL,NULL,2685,NULL
1335,117,NULL,NULL,NULL,NULL,2689,NULL
1336,118,NULL,NULL,NULL,NULL,2690,NULL
1337,119,NULL,NULL,NULL,NULL,2692,NULL
1338,120,NULL,NULL,NULL,NULL,2693,NULL
1339,121,NULL,NULL,NULL,NULL,2694,NULL
1340,8,NULL,NULL,NULL,NULL,2695,NULL
1341,9,NULL,NULL,NULL,NULL,2753,NULL
1342,3,NULL,NULL,NULL,NULL,2797,NULL
1343,122,NULL,NULL,NULL,NULL,2842,NULL
1344,123,NULL,NULL,NULL,NULL,2843,NULL
1345,124,NULL,NULL,NULL,NULL,2845,NULL
1346,125,NULL,NULL,NULL,NULL,2846,NULL
1347,126,NULL,NULL,NULL,NULL,2847,NULL
1348,127,NULL,NULL,NULL,NULL,2848,NULL
1349,10,NULL,NULL,NULL,NULL,2850,NULL
1350,11,NULL,NULL,NULL,NULL,2899,NULL
1351,12,NULL,NULL,NULL,NULL,2941,NULL
1352,4,NULL,NULL,NULL,NULL,2981,NULL
1353,128,NULL,NULL,NULL,NULL,3027,NULL
1354,129,NULL,NULL,NULL,NULL,3028,NULL
1355,130,NULL,NULL,NULL,NULL,3029,NULL
1356,131,NULL,NULL,NULL,NULL,3030,NULL
1357,132,NULL,NULL,NULL,NULL,3032,NULL
1358,133,NULL,NULL,NULL,NULL,3033,NULL
1359,13,NULL,NULL,NULL,NULL,3034,NULL
1360,5,NULL,NULL,NULL,NULL,3077,NULL
1361,14,NULL,NULL,NULL,NULL,3116,NULL
1362,4,NULL,NULL,NULL,NULL,3158,NULL
1363,4,NULL,NULL,NULL,NULL,3174,NULL
1364,134,NULL,NULL,NULL,NULL,3194,NULL
1365,135,NULL,NULL,NULL,NULL,3195,NULL
1366,136,NULL,NULL,NULL,NULL,3197,NULL
1367,137,NULL,NULL,NULL,NULL,3198,NULL
1368,138,NULL,NULL,NULL,NULL,3199,NULL
1369,139,NULL,NULL,NULL,NULL,3200,NULL
1370,139,NULL,NULL,NULL,NULL,3202,NULL
1371,140,NULL,NULL,NULL,NULL,3206,NULL
1372,5,NULL,NULL,NULL,NULL,3207,NULL
1373,6,NULL,NULL,NULL,NULL,3220,NULL
1374,8,NULL,NULL,NULL,NULL,3235,NULL
1375,4,NULL,NULL,NULL,NULL,3250,NULL
1376,4,NULL,NULL,NULL,NULL,3270,NULL
1377,5,NULL,NULL,NULL,NULL,3289,NULL
1378,5,NULL,NULL,NULL,NULL,3302,NULL
1379,6,NULL,NULL,NULL,NULL,3318,NULL
1380,6,NULL,NULL,NULL,NULL,3331,NULL
1381,8,NULL,NULL,NULL,NULL,3347,NULL
1382,8,NULL,NULL,NULL,NULL,3361,NULL
1383,9,NULL,NULL,NULL,NULL,3375,NULL
1384,9,NULL,NULL,NULL,NULL,3389,NULL
1385,10,NULL,NULL,NULL,NULL,3402,NULL
1386,10,NULL,NULL,NULL,NULL,3415,NULL
1387,1,NULL,NULL,NULL,NULL,3429,NULL
1388,2,NULL,NULL,NULL,NULL,3434,NULL
1389,3,NULL,NULL,NULL,NULL,3435,NULL
1390,4,NULL,NULL,NULL,NULL,3437,NULL
1391,5,NULL,NULL,NULL,NULL,3438,NULL
1392,6,NULL,NULL,NULL,NULL,3439,NULL
1393,7,NULL,NULL,NULL,NULL,3440,NULL
1394,8,NULL,NULL,NULL,NULL,3442,NULL
1395,9,NULL,NULL,NULL,NULL,3443,NULL
1396,10,NULL,NULL,NULL,NULL,3444,NULL
1397,11,NULL,NULL,NULL,NULL,3445,NULL
1398,12,NULL,NULL,NULL,NULL,3447,NULL
1399,13,NULL,NULL,NULL,NULL,3448,NULL
1400,14,NULL,NULL,NULL,NULL,3449,NULL
1401,15,NULL,NULL,NULL,NULL,3450,NULL
1402,16,NULL,NULL,NULL,NULL,3452,NULL
1403,17,NULL,NULL,NULL,NULL,3453,NULL
1404,18,NULL,NULL,NULL,NULL,3454,NULL
1405,19,NULL,NULL,NULL,NULL,3455,NULL
1406,20,NULL,NULL,NULL,NULL,3457,NULL
1407,21,NULL,NULL,NULL,NULL,3458,NULL
1408,22,NULL,NULL,NULL,NULL,3459,NULL
1409,23,NULL,NULL,NULL,NULL,3460,NULL
1410,24,NULL,NULL,NULL,NULL,3462,NULL
1411,25,NULL,NULL,NULL,NULL,3463,NULL
1412,26,NULL,NULL,NULL,NULL,3464,NULL
1413,27,NULL,NULL,NULL,NULL,3465,NULL
1414,28,NULL,NULL,NULL,NULL,3467,NULL
1415,29,NULL,NULL,NULL,NULL,3468,NULL
1416,30,NULL,NULL,NULL,NULL,3469,NULL
1417,31,NULL,NULL,NULL,NULL,3470,NULL
1418,32,NULL,NULL,NULL,NULL,3472,NULL
1419,33,NULL,NULL,NULL,NULL,3473,NULL
1420,34,NULL,NULL,NULL,NULL,3474,NULL
1421,35,NULL,NULL,NULL,NULL,3475,NULL
1422,36,NULL,NULL,NULL,NULL,3477,NULL
1423,11,NULL,NULL,NULL,NULL,3478,NULL
1424,11,NULL,NULL,NULL,NULL,3491,NULL
1425,12,NULL,NULL,NULL,NULL,3503,NULL
1426,13,NULL,NULL,NULL,NULL,3532,NULL
1427,15,NULL,NULL,NULL,NULL,3551,NULL
1428,16,NULL,NULL,NULL,NULL,3561,NULL
1429,37,NULL,NULL,NULL,NULL,3573,NULL
1430,38,NULL,NULL,NULL,NULL,3574,NULL
1431,39,NULL,NULL,NULL,NULL,3575,NULL
1432,40,NULL,NULL,NULL,NULL,3577,NULL
1433,41,NULL,NULL,NULL,NULL,3578,NULL
1434,42,NULL,NULL,NULL,NULL,3579,NULL
1435,43,NULL,NULL,NULL,NULL,3580,NULL
1436,44,NULL,NULL,NULL,NULL,3582,NULL
1437,45,NULL,NULL,NULL,NULL,3583,NULL
1438,46,NULL,NULL,NULL,NULL,3584,NULL
1439,47,NULL,NULL,NULL,NULL,3585,NULL
1440,48,NULL,NULL,NULL,NULL,3587,NULL
1441,49,NULL,NULL,NULL,NULL,3588,NULL
1442,50,NULL,NULL,NULL,NULL,3589,NULL
1443,51,NULL,NULL,NULL,NULL,3590,NULL
1444,52,NULL,NULL,NULL,NULL,3592,NULL
1445,53,NULL,NULL,NULL,NULL,3593,NULL
1446,54,NULL,NULL,NULL,NULL,3595,NULL
1447,55,NULL,NULL,NULL,NULL,3596,NULL
1448,56,NULL,NULL,NULL,NULL,3597,NULL
1449,57,NULL,NULL,NULL,NULL,3598,NULL
1450,58,NULL,NULL,NULL,NULL,3600,NULL
1451,59,NULL,NULL,NULL,NULL,3601,NULL
1452,60,NULL,NULL,NULL,NULL,3602,NULL
1453,61,NULL,NULL,NULL,NULL,3603,NULL
1454,62,NULL,NULL,NULL,NULL,3605,NULL
1455,63,NULL,NULL,NULL,NULL,3606,NULL
1456,64,NULL,NULL,NULL,NULL,3607,NULL
1457,65,NULL,NULL,NULL,NULL,3608,NULL
1458,66,NULL,NULL,NULL,NULL,3610,NULL
1459,67,NULL,NULL,NULL,NULL,3611,NULL
1460,68,NULL,NULL,NULL,NULL,3612,NULL
1461,69,NULL,NULL,NULL,NULL,3613,NULL
1462,70,NULL,NULL,NULL,NULL,3615,NULL
1463,71,NULL,NULL,NULL,NULL,3616,NULL
1464,72,NULL,NULL,NULL,NULL,3617,NULL
1465,17,NULL,NULL,NULL,NULL,3618,NULL
1466,1,NULL,NULL,NULL,NULL,3629,NULL
1467,2,NULL,NULL,NULL,NULL,3642,NULL
1468,3,NULL,NULL,NULL,NULL,3654,NULL
1469,3,NULL,NULL,NULL,NULL,3664,NULL
1470,73,NULL,NULL,NULL,NULL,3675,NULL
1471,74,NULL,NULL,NULL,NULL,3677,NULL
1472,75,NULL,NULL,NULL,NULL,3678,NULL
1473,76,NULL,NULL,NULL,NULL,3679,NULL
1474,77,NULL,NULL,NULL,NULL,3680,NULL
1475,78,NULL,NULL,NULL,NULL,3682,NULL
1476,79,NULL,NULL,NULL,NULL,3683,NULL
1477,80,NULL,NULL,NULL,NULL,3684,NULL
1478,81,NULL,NULL,NULL,NULL,3685,NULL
1479,82,NULL,NULL,NULL,NULL,3687,NULL
1480,83,NULL,NULL,NULL,NULL,3688,NULL
1481,84,NULL,NULL,NULL,NULL,3689,NULL
1482,85,NULL,NULL,NULL,NULL,3690,NULL
1483,86,NULL,NULL,NULL,NULL,3692,NULL
1484,87,NULL,NULL,NULL,NULL,3693,NULL
1485,88,NULL,NULL,NULL,NULL,3694,NULL
1486,89,NULL,NULL,NULL,NULL,3695,NULL
1487,90,NULL,NULL,NULL,NULL,3697,NULL
1488,91,NULL,NULL,NULL,NULL,3698,NULL
1489,92,NULL,NULL,NULL,NULL,3699,NULL
1490,93,NULL,NULL,NULL,NULL,3700,NULL
1491,94,NULL,NULL,NULL,NULL,3702,NULL
1492,95,NULL,NULL,NULL,NULL,3703,NULL
1493,96,NULL,NULL,NULL,NULL,3704,NULL
1494,97,NULL,NULL,NULL,NULL,3705,NULL
1495,98,NULL,NULL,NULL,NULL,3707,NULL
1496,99,NULL,NULL,NULL,NULL,3708,NULL
1497,100,NULL,NULL,NULL,NULL,3709,NULL
1498,101,NULL,NULL,NULL,NULL,3710,NULL
1499,102,NULL,NULL,NULL,NULL,3712,NULL
1500,103,NULL,NULL,NULL,NULL,3713,NULL
1501,104,NULL,NULL,NULL,NULL,3715,NULL
1502,105,NULL,NULL,NULL,NULL,3717,NULL
1503,106,NULL,NULL,NULL,NULL,3718,NULL
1504,107,NULL,NULL,NULL,NULL,3719,NULL
1505,1,NULL,NULL,NULL,NULL,3721,NULL
1506,2,NULL,NULL,NULL,NULL,3741,NULL
1507,3,NULL,NULL,NULL,NULL,3759,NULL
1508,4,NULL,NULL,NULL,NULL,3775,NULL
1509,5,NULL,NULL,NULL,NULL,3789,NULL
1510,6,NULL,NULL,NULL,NULL,3803,NULL
1511,73,NULL,NULL,NULL,NULL,3816,NULL
1512,74,NULL,NULL,NULL,NULL,3820,NULL
1513,75,NULL,NULL,NULL,NULL,3822,NULL
1514,76,NULL,NULL,NULL,NULL,3823,NULL
1515,77,NULL,NULL,NULL,NULL,3824,NULL
1516,78,NULL,NULL,NULL,NULL,3825,NULL
1517,79,NULL,NULL,NULL,NULL,3827,NULL
1518,80,NULL,NULL,NULL,NULL,3828,NULL
1519,81,NULL,NULL,NULL,NULL,3829,NULL
1520,82,NULL,NULL,NULL,NULL,3830,NULL
1521,83,NULL,NULL,NULL,NULL,3832,NULL
1522,84,NULL,NULL,NULL,NULL,3833,NULL
1523,85,NULL,NULL,NULL,NULL,3834,NULL
1524,86,NULL,NULL,NULL,NULL,3835,NULL
1525,87,NULL,NULL,NULL,NULL,3837,NULL
1526,88,NULL,NULL,NULL,NULL,3838,NULL
1527,89,NULL,NULL,NULL,NULL,3839,NULL
1528,90,NULL,NULL,NULL,NULL,3840,NULL
1529,91,NULL,NULL,NULL,NULL,3842,NULL
1530,92,NULL,NULL,NULL,NULL,3843,NULL
1531,93,NULL,NULL,NULL,NULL,3844,NULL
1532,94,NULL,NULL,NULL,NULL,3845,NULL
1533,95,NULL,NULL,NULL,NULL,3847,NULL
1534,96,NULL,NULL,NULL,NULL,3848,NULL
1535,97,NULL,NULL,NULL,NULL,3849,NULL
1536,98,NULL,NULL,NULL,NULL,3850,NULL
1537,99,NULL,NULL,NULL,NULL,3852,NULL
1538,100,NULL,NULL,NULL,NULL,3853,NULL
1539,101,NULL,NULL,NULL,NULL,3854,NULL
1540,102,NULL,NULL,NULL,NULL,3855,NULL
1541,103,NULL,NULL,NULL,NULL,3857,NULL
1542,104,NULL,NULL,NULL,NULL,3858,NULL
1543,105,NULL,NULL,NULL,NULL,3859,NULL
1544,106,NULL,NULL,NULL,NULL,3860,NULL
1545,107,NULL,NULL,NULL,NULL,3862,NULL
1546,108,NULL,NULL,NULL,NULL,3863,NULL
1547,7,NULL,NULL,NULL,NULL,3864,NULL
1548,8,NULL,NULL,NULL,NULL,3878,NULL
1549,9,NULL,NULL,NULL,NULL,3913,NULL
1550,10,NULL,NULL,NULL,NULL,3929,NULL
1551,11,NULL,NULL,NULL,NULL,3948,NULL
1552,12,NULL,NULL,NULL,NULL,3961,NULL
1553,109,NULL,NULL,NULL,NULL,3972,NULL
1554,110,NULL,NULL,NULL,NULL,3973,NULL
1555,112,NULL,NULL,NULL,NULL,3975,NULL
1556,113,NULL,NULL,NULL,NULL,3976,NULL
1557,114,NULL,NULL,NULL,NULL,3977,NULL
1558,115,NULL,NULL,NULL,NULL,3978,NULL
1559,116,NULL,NULL,NULL,NULL,3980,NULL
1560,117,NULL,NULL,NULL,NULL,3981,NULL
1561,118,NULL,NULL,NULL,NULL,3982,NULL
1562,119,NULL,NULL,NULL,NULL,3983,NULL
1563,120,NULL,NULL,NULL,NULL,3985,NULL
1564,121,NULL,NULL,NULL,NULL,3986,NULL
1565,122,NULL,NULL,NULL,NULL,3987,NULL
1566,123,NULL,NULL,NULL,NULL,3988,NULL
1567,124,NULL,NULL,NULL,NULL,3990,NULL
1568,125,NULL,NULL,NULL,NULL,3991,NULL
1569,126,NULL,NULL,NULL,NULL,3992,NULL
1570,127,NULL,NULL,NULL,NULL,3993,NULL
1571,128,NULL,NULL,NULL,NULL,3995,NULL
1572,129,NULL,NULL,NULL,NULL,3996,NULL
1573,130,NULL,NULL,NULL,NULL,3997,NULL
1574,131,NULL,NULL,NULL,NULL,3998,NULL
1575,132,NULL,NULL,NULL,NULL,4000,NULL
1576,133,NULL,NULL,NULL,NULL,4001,NULL
1577,134,NULL,NULL,NULL,NULL,4002,NULL
1578,135,NULL,NULL,NULL,NULL,4003,NULL
1579,136,NULL,NULL,NULL,NULL,4005,NULL
1580,137,NULL,NULL,NULL,NULL,4006,NULL
1581,138,NULL,NULL,NULL,NULL,4007,NULL
1582,139,NULL,NULL,NULL,NULL,4008,NULL
1583,140,NULL,NULL,NULL,NULL,4010,NULL
1584,141,NULL,NULL,NULL,NULL,4011,NULL
1585,142,NULL,NULL,NULL,NULL,4012,NULL
1586,143,NULL,NULL,NULL,NULL,4013,NULL
1587,144,NULL,NULL,NULL,NULL,4015,NULL
1588,145,NULL,NULL,NULL,NULL,4016,NULL
1589,1,NULL,NULL,NULL,NULL,4017,NULL
1590,2,NULL,NULL,NULL,NULL,4036,NULL
1591,3,NULL,NULL,NULL,NULL,4049,NULL
1592,4,NULL,NULL,NULL,NULL,4062,NULL
1593,5,NULL,NULL,NULL,NULL,4075,NULL
1594,6,NULL,NULL,NULL,NULL,4088,NULL
1595,146,NULL,NULL,NULL,NULL,4101,NULL
1596,147,NULL,NULL,NULL,NULL,4102,NULL
1597,148,NULL,NULL,NULL,NULL,4104,NULL
1598,149,NULL,NULL,NULL,NULL,4105,NULL
1599,150,NULL,NULL,NULL,NULL,4106,NULL
1600,151,NULL,NULL,NULL,NULL,4107,NULL
1601,152,NULL,NULL,NULL,NULL,4109,NULL
1602,153,NULL,NULL,NULL,NULL,4110,NULL
1603,154,NULL,NULL,NULL,NULL,4111,NULL
1604,155,NULL,NULL,NULL,NULL,4112,NULL
1605,156,NULL,NULL,NULL,NULL,4114,NULL
1606,157,NULL,NULL,NULL,NULL,4115,NULL
1607,158,NULL,NULL,NULL,NULL,4116,NULL
1608,159,NULL,NULL,NULL,NULL,4117,NULL
1609,160,NULL,NULL,NULL,NULL,4119,NULL
1610,161,NULL,NULL,NULL,NULL,4120,NULL
1611,162,NULL,NULL,NULL,NULL,4121,NULL
1612,163,NULL,NULL,NULL,NULL,4122,NULL
1613,164,NULL,NULL,NULL,NULL,4123,NULL
1614,165,NULL,NULL,NULL,NULL,4124,NULL
1615,166,NULL,NULL,NULL,NULL,4125,NULL
1616,167,NULL,NULL,NULL,NULL,4126,NULL
1617,168,NULL,NULL,NULL,NULL,4127,NULL
1618,169,NULL,NULL,NULL,NULL,4128,NULL
1619,170,NULL,NULL,NULL,NULL,4129,NULL
1620,171,NULL,NULL,NULL,NULL,4130,NULL
1621,172,NULL,NULL,NULL,NULL,4131,NULL
1622,173,NULL,NULL,NULL,NULL,4132,NULL
1623,174,NULL,NULL,NULL,NULL,4133,NULL
1624,175,NULL,NULL,NULL,NULL,4134,NULL
1625,176,NULL,NULL,NULL,NULL,4135,NULL
1626,177,NULL,NULL,NULL,NULL,4136,NULL
1627,178,NULL,NULL,NULL,NULL,4137,NULL
1628,179,NULL,NULL,NULL,NULL,4138,NULL
1629,180,NULL,NULL,NULL,NULL,4139,NULL
1630,181,NULL,NULL,NULL,NULL,4140,NULL
1631,182,NULL,NULL,NULL,NULL,4141,NULL
1632,13,NULL,NULL,NULL,NULL,4142,NULL
1633,14,NULL,NULL,NULL,NULL,4155,NULL
1634,15,NULL,NULL,NULL,NULL,4167,NULL
1635,16,NULL,NULL,NULL,NULL,4179,NULL
1636,1,NULL,NULL,NULL,NULL,4190,NULL
1637,1,NULL,NULL,NULL,NULL,4192,NULL
1638,1,NULL,NULL,NULL,NULL,4193,NULL
1639,1,NULL,NULL,NULL,NULL,4194,NULL
1640,1,NULL,NULL,NULL,NULL,4195,NULL
1641,1,NULL,NULL,NULL,NULL,4200,NULL
1642,1,NULL,NULL,NULL,NULL,4201,NULL
1643,1,NULL,NULL,NULL,NULL,4202,NULL
1644,1,NULL,NULL,NULL,NULL,4203,NULL
1645,1,NULL,NULL,NULL,NULL,4204,NULL
1646,1,NULL,NULL,NULL,NULL,4208,NULL
1647,1,NULL,NULL,NULL,NULL,4209,NULL
1648,1,NULL,NULL,NULL,NULL,4210,NULL
1649,1,NULL,NULL,NULL,NULL,4211,NULL
1650,1,NULL,NULL,NULL,NULL,4212,NULL
1651,1,NULL,NULL,NULL,NULL,4214,NULL
1652,1,NULL,NULL,NULL,NULL,4216,NULL
1653,1,NULL,NULL,NULL,NULL,4217,NULL
1654,1,NULL,NULL,NULL,NULL,4223,NULL
1655,1,NULL,NULL,NULL,NULL,4225,NULL
1656,9,NULL,NULL,NULL,NULL,4239,NULL
1657,10,NULL,NULL,NULL,NULL,4244,NULL
1658,11,NULL,NULL,NULL,NULL,4246,NULL
1659,12,NULL,NULL,NULL,NULL,4247,NULL
1660,13,NULL,NULL,NULL,NULL,4248,NULL
1661,14,NULL,NULL,NULL,NULL,4249,NULL
1662,15,NULL,NULL,NULL,NULL,4251,NULL
1663,16,NULL,NULL,NULL,NULL,4252,NULL
1664,19,NULL,NULL,NULL,NULL,4253,NULL
1665,20,NULL,NULL,NULL,NULL,4254,NULL
1666,21,NULL,NULL,NULL,NULL,4256,NULL
1667,22,NULL,NULL,NULL,NULL,4257,NULL
1668,23,NULL,NULL,NULL,NULL,4258,NULL
1669,24,NULL,NULL,NULL,NULL,4259,NULL
1670,25,NULL,NULL,NULL,NULL,4261,NULL
1671,26,NULL,NULL,NULL,NULL,4262,NULL
1672,27,NULL,NULL,NULL,NULL,4263,NULL
1673,28,NULL,NULL,NULL,NULL,4264,NULL
1674,29,NULL,NULL,NULL,NULL,4266,NULL
1675,30,NULL,NULL,NULL,NULL,4267,NULL
1676,31,NULL,NULL,NULL,NULL,4268,NULL
1677,32,NULL,NULL,NULL,NULL,4269,NULL
1678,33,NULL,NULL,NULL,NULL,4271,NULL
1679,34,NULL,NULL,NULL,NULL,4272,NULL
1680,35,NULL,NULL,NULL,NULL,4273,NULL
1681,36,NULL,NULL,NULL,NULL,4274,NULL
1682,37,NULL,NULL,NULL,NULL,4276,NULL
1683,38,NULL,NULL,NULL,NULL,4277,NULL
1684,39,NULL,NULL,NULL,NULL,4278,NULL
1685,40,NULL,NULL,NULL,NULL,4279,NULL
1686,41,NULL,NULL,NULL,NULL,4281,NULL
1687,42,NULL,NULL,NULL,NULL,4282,NULL
1688,43,NULL,NULL,NULL,NULL,4283,NULL
1689,44,NULL,NULL,NULL,NULL,4284,NULL
1690,45,NULL,NULL,NULL,NULL,4285,NULL
1691,46,NULL,NULL,NULL,NULL,4286,NULL
1692,42,NULL,NULL,NULL,NULL,4383,NULL
1693,44,NULL,NULL,NULL,NULL,4406,NULL
1694,68,NULL,NULL,NULL,NULL,4445,NULL
1695,68,NULL,NULL,NULL,NULL,4468,NULL
1696,69,NULL,NULL,NULL,NULL,4469,NULL
1697,70,NULL,NULL,NULL,NULL,4470,NULL
1698,71,NULL,NULL,NULL,NULL,4472,NULL
1699,72,NULL,NULL,NULL,NULL,4473,NULL
1700,69,NULL,NULL,NULL,NULL,4474,NULL
1701,73,NULL,NULL,NULL,NULL,4475,NULL
1702,70,NULL,NULL,NULL,NULL,4476,NULL
1703,71,NULL,NULL,NULL,NULL,4478,NULL
1704,72,NULL,NULL,NULL,NULL,4479,NULL
1705,73,NULL,NULL,NULL,NULL,4480,NULL
1706,74,NULL,NULL,NULL,NULL,4481,NULL
1707,75,NULL,NULL,NULL,NULL,4485,NULL
1708,76,NULL,NULL,NULL,NULL,4486,NULL
1709,77,NULL,NULL,NULL,NULL,4490,NULL
1710,78,NULL,NULL,NULL,NULL,4491,NULL
1711,79,NULL,NULL,NULL,NULL,4492,NULL
1712,80,NULL,NULL,NULL,NULL,4493,NULL
1713,81,NULL,NULL,NULL,NULL,4494,NULL
1714,82,NULL,NULL,NULL,NULL,4495,NULL
1715,83,NULL,NULL,NULL,NULL,4496,NULL
1716,84,NULL,NULL,NULL,NULL,4500,NULL
1717,85,NULL,NULL,NULL,NULL,4501,NULL
1718,86,NULL,NULL,NULL,NULL,4502,NULL
1719,87,NULL,NULL,NULL,NULL,4503,NULL
1720,88,NULL,NULL,NULL,NULL,4504,NULL
1721,89,NULL,NULL,NULL,NULL,4506,NULL
1722,90,NULL,NULL,NULL,NULL,4507,NULL
1723,91,NULL,NULL,NULL,NULL,4508,NULL
1724,92,NULL,NULL,NULL,NULL,4509,NULL
1725,93,NULL,NULL,NULL,NULL,4510,NULL
1726,94,NULL,NULL,NULL,NULL,4511,NULL
1727,95,NULL,NULL,NULL,NULL,4515,NULL
1728,96,NULL,NULL,NULL,NULL,4521,NULL
1729,97,NULL,NULL,NULL,NULL,4522,NULL
1730,98,NULL,NULL,NULL,NULL,4523,NULL
1731,99,NULL,NULL,NULL,NULL,4524,NULL
1732,100,NULL,NULL,NULL,NULL,4526,NULL
1733,101,NULL,NULL,NULL,NULL,4527,NULL
1734,102,NULL,NULL,NULL,NULL,4531,NULL
1735,103,NULL,NULL,NULL,NULL,4533,NULL
1736,109,NULL,NULL,NULL,NULL,4535,NULL
1737,110,NULL,NULL,NULL,NULL,4559,NULL
1738,112,NULL,NULL,NULL,NULL,4560,NULL
1739,116,NULL,NULL,NULL,NULL,4562,NULL
1740,113,NULL,NULL,NULL,NULL,4568,NULL
1741,117,NULL,NULL,NULL,NULL,4572,NULL
1742,114,NULL,NULL,NULL,NULL,4573,NULL
1743,118,NULL,NULL,NULL,NULL,4575,NULL
1744,115,NULL,NULL,NULL,NULL,4576,NULL
1745,116,NULL,NULL,NULL,NULL,4579,NULL
1746,117,NULL,NULL,NULL,NULL,4582,NULL
1747,118,NULL,NULL,NULL,NULL,4586,NULL
1748,119,NULL,NULL,NULL,NULL,4588,NULL
1749,119,NULL,NULL,NULL,NULL,4593,NULL
1750,120,NULL,NULL,NULL,NULL,4595,NULL
1751,121,NULL,NULL,NULL,NULL,4596,NULL
1752,122,NULL,NULL,NULL,NULL,4597,NULL
1753,123,NULL,NULL,NULL,NULL,4599,NULL
1754,120,NULL,NULL,NULL,NULL,4600,NULL
1755,124,NULL,NULL,NULL,NULL,4601,NULL
1756,121,NULL,NULL,NULL,NULL,4602,NULL
1757,125,NULL,NULL,NULL,NULL,4603,NULL
1758,122,NULL,NULL,NULL,NULL,4605,NULL
1759,126,NULL,NULL,NULL,NULL,4610,NULL
1760,123,NULL,NULL,NULL,NULL,4611,NULL
1761,127,NULL,NULL,NULL,NULL,4612,NULL
1762,124,NULL,NULL,NULL,NULL,4613,NULL
1763,128,NULL,NULL,NULL,NULL,4614,NULL
1764,125,NULL,NULL,NULL,NULL,4615,NULL
1765,129,NULL,NULL,NULL,NULL,4617,NULL
1766,126,NULL,NULL,NULL,NULL,4619,NULL
1767,127,NULL,NULL,NULL,NULL,4620,NULL
1768,128,NULL,NULL,NULL,NULL,4624,NULL
1769,129,NULL,NULL,NULL,NULL,4625,NULL
1770,121,NULL,NULL,NULL,NULL,4627,NULL
1771,121,NULL,NULL,NULL,NULL,4636,NULL
1772,122,NULL,NULL,NULL,NULL,4641,NULL
1773,123,NULL,NULL,NULL,NULL,4642,NULL
1774,124,NULL,NULL,NULL,NULL,4643,NULL
1775,125,NULL,NULL,NULL,NULL,4644,NULL
1776,122,NULL,NULL,NULL,NULL,4646,NULL
1777,126,NULL,NULL,NULL,NULL,4647,NULL
1778,123,NULL,NULL,NULL,NULL,4648,NULL
1779,127,NULL,NULL,NULL,NULL,4649,NULL
1780,124,NULL,NULL,NULL,NULL,4650,NULL
1781,128,NULL,NULL,NULL,NULL,4651,NULL
1782,125,NULL,NULL,NULL,NULL,4652,NULL
1783,126,NULL,NULL,NULL,NULL,4654,NULL
1784,127,NULL,NULL,NULL,NULL,4655,NULL
1785,128,NULL,NULL,NULL,NULL,4656,NULL
1786,129,NULL,NULL,NULL,NULL,4657,NULL
1787,129,NULL,NULL,NULL,NULL,4660,NULL
1788,130,NULL,NULL,NULL,NULL,4667,NULL
1789,131,NULL,NULL,NULL,NULL,4668,NULL
1790,132,NULL,NULL,NULL,NULL,4669,NULL
1791,133,NULL,NULL,NULL,NULL,4670,NULL
1792,134,NULL,NULL,NULL,NULL,4671,NULL
1793,135,NULL,NULL,NULL,NULL,4672,NULL
1794,136,NULL,NULL,NULL,NULL,4673,NULL
1795,137,NULL,NULL,NULL,NULL,4674,NULL
1796,138,NULL,NULL,NULL,NULL,4675,NULL
1797,130,NULL,NULL,NULL,NULL,4676,NULL
1798,131,NULL,NULL,NULL,NULL,4677,NULL
1799,132,NULL,NULL,NULL,NULL,4678,NULL
1800,133,NULL,NULL,NULL,NULL,4680,NULL
1801,134,NULL,NULL,NULL,NULL,4681,NULL
1802,135,NULL,NULL,NULL,NULL,4682,NULL
1803,136,NULL,NULL,NULL,NULL,4683,NULL
1804,137,NULL,NULL,NULL,NULL,4684,NULL
1805,138,NULL,NULL,NULL,NULL,4686,NULL
1806,139,NULL,NULL,NULL,NULL,4692,NULL
1807,140,NULL,NULL,NULL,NULL,4693,NULL
1808,141,NULL,NULL,NULL,NULL,4694,NULL
1809,142,NULL,NULL,NULL,NULL,4695,NULL
1810,143,NULL,NULL,NULL,NULL,4699,NULL
1811,144,NULL,NULL,NULL,NULL,4700,NULL
1812,145,NULL,NULL,NULL,NULL,4701,NULL
1813,146,NULL,NULL,NULL,NULL,4703,NULL
1814,150,NULL,NULL,NULL,NULL,4707,NULL
1815,147,NULL,NULL,NULL,NULL,4712,NULL
1816,151,NULL,NULL,NULL,NULL,4713,NULL
1817,148,NULL,NULL,NULL,NULL,4714,NULL
1818,152,NULL,NULL,NULL,NULL,4716,NULL
1819,149,NULL,NULL,NULL,NULL,4718,NULL
1820,153,NULL,NULL,NULL,NULL,4719,NULL
1821,150,NULL,NULL,NULL,NULL,4720,NULL
1822,151,NULL,NULL,NULL,NULL,4721,NULL
1823,152,NULL,NULL,NULL,NULL,4724,NULL
1824,153,NULL,NULL,NULL,NULL,4726,NULL
1825,154,NULL,NULL,NULL,NULL,4727,NULL
1826,155,NULL,NULL,NULL,NULL,4728,NULL
1827,156,NULL,NULL,NULL,NULL,4730,NULL
1828,157,NULL,NULL,NULL,NULL,4734,NULL
1829,158,NULL,NULL,NULL,NULL,4735,NULL
1830,159,NULL,NULL,NULL,NULL,4737,NULL
1831,160,NULL,NULL,NULL,NULL,4738,NULL
1832,161,NULL,NULL,NULL,NULL,4739,NULL
1833,162,NULL,NULL,NULL,NULL,4742,NULL
1834,163,NULL,NULL,NULL,NULL,4744,NULL
1835,164,NULL,NULL,NULL,NULL,4745,NULL
1836,165,NULL,NULL,NULL,NULL,4746,NULL
1837,166,NULL,NULL,NULL,NULL,4748,NULL
1838,167,NULL,NULL,NULL,NULL,4752,NULL
1839,168,NULL,NULL,NULL,NULL,4753,NULL
1840,169,NULL,NULL,NULL,NULL,4755,NULL
1841,170,NULL,NULL,NULL,NULL,4756,NULL
1842,171,NULL,NULL,NULL,NULL,4757,NULL
1843,172,NULL,NULL,NULL,NULL,4760,NULL
1844,173,NULL,NULL,NULL,NULL,4762,NULL
1845,174,NULL,NULL,NULL,NULL,4763,NULL
1846,175,NULL,NULL,NULL,NULL,4764,NULL
1847,176,NULL,NULL,NULL,NULL,4766,NULL
1848,177,NULL,NULL,NULL,NULL,4770,NULL
1849,178,NULL,NULL,NULL,NULL,4771,NULL
1850,179,NULL,NULL,NULL,NULL,4773,NULL
1851,180,NULL,NULL,NULL,NULL,4774,NULL
1852,181,NULL,NULL,NULL,NULL,4775,NULL
1853,182,NULL,NULL,NULL,NULL,4778,NULL
1854,183,NULL,NULL,NULL,NULL,4780,NULL
1855,184,NULL,NULL,NULL,NULL,4781,NULL
1856,185,NULL,NULL,NULL,NULL,4782,NULL
1857,186,NULL,NULL,NULL,NULL,4784,NULL
1858,187,NULL,NULL,NULL,NULL,4788,NULL
1859,188,NULL,NULL,NULL,NULL,4789,NULL
1860,189,NULL,NULL,NULL,NULL,4791,NULL
1861,190,NULL,NULL,NULL,NULL,4792,NULL
1862,191,NULL,NULL,NULL,NULL,4793,NULL
1863,192,NULL,NULL,NULL,NULL,4796,NULL
1864,193,NULL,NULL,NULL,NULL,4798,NULL
1865,194,NULL,NULL,NULL,NULL,4799,NULL
1866,195,NULL,NULL,NULL,NULL,4800,NULL
1867,196,NULL,NULL,NULL,NULL,4802,NULL
1868,197,NULL,NULL,NULL,NULL,4805,NULL
1869,198,NULL,NULL,NULL,NULL,4807,NULL
1870,199,NULL,NULL,NULL,NULL,4810,NULL
1871,200,NULL,NULL,NULL,NULL,4812,NULL
1872,201,NULL,NULL,NULL,NULL,4814,NULL
1873,202,NULL,NULL,NULL,NULL,4815,NULL
1874,19,0,NULL,NULL,NULL,4816,NULL
1875,19,0,NULL,NULL,NULL,4826,NULL
1876,19,0,NULL,NULL,NULL,4828,NULL
1877,19,0,NULL,NULL,NULL,4829,NULL
1878,19,0,NULL,NULL,NULL,4830,NULL
1879,19,0,NULL,NULL,NULL,4831,NULL
1880,19,0,NULL,NULL,NULL,4832,NULL
1881,19,0,NULL,NULL,NULL,4833,NULL
1882,19,0,NULL,NULL,NULL,4837,NULL
1883,19,0,NULL,NULL,NULL,4838,NULL
1884,19,0,NULL,NULL,NULL,4841,NULL
1885,19,0,NULL,NULL,NULL,4842,NULL
1886,19,0,NULL,NULL,NULL,4843,NULL
1887,19,0,NULL,NULL,NULL,4844,NULL
1888,19,0,NULL,NULL,NULL,4845,NULL
1889,19,0,NULL,NULL,NULL,4849,NULL
1890,19,0,NULL,NULL,NULL,4850,NULL
1891,19,0,NULL,NULL,NULL,4853,NULL
1892,19,0,NULL,NULL,NULL,4854,NULL
1893,19,0,NULL,NULL,NULL,4858,NULL
1894,19,0,NULL,NULL,NULL,4859,NULL
1895,19,0,NULL,NULL,NULL,4860,NULL
1896,19,0,NULL,NULL,NULL,4861,NULL
1897,19,0,NULL,NULL,NULL,4864,NULL
1898,19,0,NULL,NULL,NULL,4865,NULL
1899,19,0,NULL,NULL,NULL,4866,NULL
1900,19,0,NULL,NULL,NULL,4867,NULL
1901,19,0,NULL,NULL,NULL,4875,NULL
1902,19,0,NULL,NULL,NULL,4876,NULL
1903,19,0,NULL,NULL,NULL,4877,NULL
1904,19,0,NULL,NULL,NULL,4880,NULL
1905,19,0,NULL,NULL,NULL,4882,NULL
1906,21,0,NULL,NULL,NULL,4884,NULL
1907,21,0,NULL,NULL,NULL,4885,NULL
1908,21,0,NULL,NULL,NULL,4886,NULL
1909,21,0,NULL,NULL,NULL,4888,NULL
1910,21,0,NULL,NULL,NULL,4891,NULL
1911,21,0,NULL,NULL,NULL,4894,NULL
1912,21,0,NULL,NULL,NULL,4895,NULL
1913,21,0,NULL,NULL,NULL,4896,NULL
1914,21,0,NULL,NULL,NULL,4897,NULL
1915,21,0,NULL,NULL,NULL,4898,NULL
1916,21,0,NULL,NULL,NULL,4899,NULL
1917,21,0,NULL,NULL,NULL,4900,NULL
1918,21,0,NULL,NULL,NULL,4901,NULL
1919,21,0,NULL,NULL,NULL,4902,NULL
1920,21,0,NULL,NULL,NULL,4903,NULL
1921,21,0,NULL,NULL,NULL,4905,NULL
1922,21,0,NULL,NULL,NULL,4906,NULL
1923,21,0,NULL,NULL,NULL,4907,NULL
1924,21,0,NULL,NULL,NULL,4908,NULL
1925,21,0,NULL,NULL,NULL,4909,NULL
1926,21,0,NULL,NULL,NULL,4910,NULL
1927,21,0,NULL,NULL,NULL,4912,NULL
1928,21,0,NULL,NULL,NULL,4914,NULL
1929,21,0,NULL,NULL,NULL,4915,NULL
1930,21,0,NULL,NULL,NULL,4917,NULL
1931,21,0,NULL,NULL,NULL,4923,NULL
1932,21,0,NULL,NULL,NULL,4927,NULL
1933,23,0,NULL,NULL,NULL,4928,NULL
1934,23,0,NULL,NULL,NULL,4935,NULL
1935,23,0,NULL,NULL,NULL,4936,NULL
1936,23,0,NULL,NULL,NULL,4937,NULL
1937,23,0,NULL,NULL,NULL,4938,NULL
1938,23,0,NULL,NULL,NULL,4939,NULL
1939,23,0,NULL,NULL,NULL,4942,NULL
1940,23,0,NULL,NULL,NULL,4947,NULL
1941,23,0,NULL,NULL,NULL,4950,NULL
1942,23,0,NULL,NULL,NULL,4952,NULL
1943,23,0,NULL,NULL,NULL,4956,NULL
1944,24,NULL,NULL,NULL,NULL,4959,NULL
1945,24,NULL,NULL,NULL,NULL,4969,NULL
1946,24,NULL,NULL,NULL,NULL,4971,NULL
1947,24,NULL,NULL,NULL,NULL,4976,NULL
1948,24,NULL,NULL,NULL,NULL,4977,NULL
1949,24,NULL,NULL,NULL,NULL,4978,NULL
1950,24,NULL,NULL,NULL,NULL,4979,NULL
1951,24,NULL,NULL,NULL,NULL,4980,NULL
1952,24,NULL,NULL,NULL,NULL,4982,NULL
1953,24,NULL,NULL,NULL,NULL,4984,NULL
1954,24,NULL,NULL,NULL,NULL,4987,NULL
1955,24,NULL,NULL,NULL,NULL,4989,NULL
1956,24,NULL,NULL,NULL,NULL,4990,NULL
1957,24,NULL,NULL,NULL,NULL,4992,NULL
1958,24,NULL,NULL,NULL,NULL,4993,NULL
1959,24,NULL,NULL,NULL,NULL,4994,NULL
1960,26,NULL,NULL,NULL,NULL,4995,NULL
1961,26,NULL,NULL,NULL,NULL,4996,NULL
1962,26,NULL,NULL,NULL,NULL,5001,NULL
1963,26,NULL,NULL,NULL,NULL,5002,NULL
1964,26,NULL,NULL,NULL,NULL,5003,NULL
1965,26,NULL,NULL,NULL,NULL,5008,NULL
1966,26,NULL,NULL,NULL,NULL,5009,NULL
1967,26,NULL,NULL,NULL,NULL,5011,NULL
1968,26,NULL,NULL,NULL,NULL,5012,NULL
1969,26,NULL,NULL,NULL,NULL,5019,NULL
1970,26,NULL,NULL,NULL,NULL,5020,NULL
1971,26,NULL,NULL,NULL,NULL,5021,NULL
1972,36,NULL,NULL,NULL,NULL,5022,NULL
1973,36,NULL,NULL,NULL,NULL,5023,NULL
1974,36,NULL,NULL,NULL,NULL,5024,NULL
1975,36,NULL,NULL,NULL,NULL,5025,NULL
1976,36,NULL,NULL,NULL,NULL,5027,NULL
1977,36,NULL,NULL,NULL,NULL,5029,NULL
1978,36,NULL,NULL,NULL,NULL,5035,NULL
1979,36,NULL,NULL,NULL,NULL,5038,NULL
1980,36,NULL,NULL,NULL,NULL,5044,NULL
1981,36,NULL,NULL,NULL,NULL,5047,NULL
1982,36,NULL,NULL,NULL,NULL,5054,NULL
1983,104,NULL,NULL,NULL,NULL,5057,NULL
1984,105,NULL,NULL,NULL,NULL,5059,NULL
1985,106,NULL,NULL,NULL,NULL,5061,NULL
1986,107,NULL,NULL,NULL,NULL,5066,NULL
1987,108,NULL,NULL,NULL,NULL,5068,NULL
1988,109,NULL,NULL,NULL,NULL,5070,NULL
1989,110,NULL,NULL,NULL,NULL,5072,NULL
1990,112,NULL,NULL,NULL,NULL,5078,NULL
1991,113,NULL,NULL,NULL,NULL,5079,NULL
1992,114,NULL,NULL,NULL,NULL,5080,NULL
1993,115,NULL,NULL,NULL,NULL,5082,NULL
1994,117,NULL,NULL,NULL,NULL,5083,NULL
1995,118,NULL,NULL,NULL,NULL,5084,NULL
1996,119,NULL,NULL,NULL,NULL,5088,NULL
1997,120,NULL,NULL,NULL,NULL,5089,NULL
1998,121,NULL,NULL,NULL,NULL,5094,NULL
1999,122,NULL,NULL,NULL,NULL,5096,NULL
2000,123,NULL,NULL,NULL,NULL,5097,NULL
2001,124,NULL,NULL,NULL,NULL,5098,NULL
2002,125,NULL,NULL,NULL,NULL,5099,NULL
2003,126,NULL,NULL,NULL,NULL,5100,NULL
2004,127,NULL,NULL,NULL,NULL,5101,NULL
2005,128,NULL,NULL,NULL,NULL,5106,NULL
2006,129,NULL,NULL,NULL,NULL,5107,NULL
2007,130,NULL,NULL,NULL,NULL,5108,NULL
2008,131,NULL,NULL,NULL,NULL,5109,NULL
2009,132,NULL,NULL,NULL,NULL,5110,NULL
2010,133,NULL,NULL,NULL,NULL,5111,NULL
2011,134,NULL,NULL,NULL,NULL,5112,NULL
2012,135,NULL,NULL,NULL,NULL,5114,NULL
2013,136,NULL,NULL,NULL,NULL,5115,NULL
2014,137,NULL,NULL,NULL,NULL,5116,NULL
2015,138,NULL,NULL,NULL,NULL,5117,NULL
2016,139,NULL,NULL,NULL,NULL,5121,NULL
2017,140,NULL,NULL,NULL,NULL,5122,NULL
2018,141,NULL,NULL,NULL,NULL,5123,NULL
2019,142,NULL,NULL,NULL,NULL,5124,NULL
2020,143,NULL,NULL,NULL,NULL,5125,NULL
2021,144,NULL,NULL,NULL,NULL,5130,NULL
2022,145,NULL,NULL,NULL,NULL,5132,NULL
2023,146,NULL,NULL,NULL,NULL,5133,NULL
2024,147,NULL,NULL,NULL,NULL,5134,NULL
2025,148,NULL,NULL,NULL,NULL,5138,NULL
2026,149,NULL,NULL,NULL,NULL,5140,NULL
2027,150,NULL,NULL,NULL,NULL,5141,NULL
2028,151,NULL,NULL,NULL,NULL,5142,NULL
2029,152,NULL,NULL,NULL,NULL,5143,NULL
2030,153,NULL,NULL,NULL,NULL,5144,NULL
2031,154,NULL,NULL,NULL,NULL,5145,NULL
2032,155,NULL,NULL,NULL,NULL,5146,NULL
2033,156,NULL,NULL,NULL,NULL,5150,NULL
2034,157,NULL,NULL,NULL,NULL,5152,NULL
2035,158,NULL,NULL,NULL,NULL,5153,NULL
2036,159,NULL,NULL,NULL,NULL,5158,NULL
2037,160,NULL,NULL,NULL,NULL,5159,NULL
2038,161,NULL,NULL,NULL,NULL,5160,NULL
2039,162,NULL,NULL,NULL,NULL,5161,NULL
2040,163,NULL,NULL,NULL,NULL,5162,NULL
2041,164,NULL,NULL,NULL,NULL,5164,NULL
