id,"name","create_date","user",project_id
1,"fig1","2013-12-29 19:33:12","",4
2,"56954","2013-12-30 10:12:52","",4
3,"56955","2013-12-30 10:12:54","",4
4,"56956","2013-12-30 10:12:56","",4
5,"EasyFigure 56957","2013-12-30 10:20:56","",4
6,"EasyFigure 56958","2013-12-30 10:20:58","",4
7,"EasyFigure 56959","2013-12-30 10:21:04","",4
8,"EasyFigure 56960","2013-12-30 10:21:08","",4
9,"EasyFigure 56961","2013-12-30 10:21:13","",4
10,"EasyFigure 56962","2013-12-30 10:21:18","",4
11,"EasyFigure 56963","2013-12-30 10:21:22","",4
12,"EasyFigure 56964","2013-12-30 10:21:26","",4
13,"EasyFigure 56957","2013-12-30 12:18:00","",4
14,"EasyFigure 56957","2013-12-30 12:18:52","",4
15,"EasyFigure 56957","2013-12-30 12:19:23","",4
16,"EasyFigure 56957","2013-12-30 12:20:11","",4
17,"EasyFigure 56958","2013-12-30 12:20:13","",4
18,"EasyFigure 56959","2013-12-30 12:20:16","",4
19,"EasyFigure 56960","2013-12-30 12:20:18","",4
20,"EasyFigure 56961","2013-12-30 12:20:20","",4
21,"EasyFigure 56962","2013-12-30 12:20:22","",4
22,"EasyFigure 56963","2013-12-30 12:20:24","",4
23,"EasyFigure 56964","2013-12-30 12:20:27","",4
24,"EasyFigure 56954","2013-12-30 12:26:08","",4
25,"EasyFigure 56955","2013-12-30 12:26:10","",4
26,"EasyFigure 56956","2013-12-30 12:26:12","",4
27,"EasyFigure 56957","2013-12-30 12:26:14","",4
28,"EasyFigure 56958","2013-12-30 12:26:16","",4
29,"EasyFigure 56959","2013-12-30 12:26:19","",4
30,"EasyFigure 56960","2013-12-30 12:26:21","",4
31,"EasyFigure 56961","2013-12-30 12:26:23","",4
32,"EasyFigure 56962","2013-12-30 12:26:25","",4
33,"EasyFigure 56963","2013-12-30 12:26:28","",4
34,"EasyFigure 56964","2013-12-30 12:26:30","",4
35,"EasyFigure 56954","2013-12-30 12:57:15","",4
36,"EasyFigure 56955","2013-12-30 12:57:17","",4
37,"EasyFigure 56956","2013-12-30 12:57:19","",4
38,"EasyFigure 56957","2013-12-30 12:57:22","",4
39,"EasyFigure 56954","2013-12-30 13:36:34","",4
40,"EasyFigure 56955","2013-12-30 13:36:36","",4
41,"EasyFigure 56956","2013-12-30 13:36:39","",4
42,"EasyFigure 56957","2013-12-30 13:36:41","",4
43,"EasyFigure 56954","2013-12-30 13:41:13","",4
44,"EasyFigure 56955","2013-12-30 13:41:15","",4
45,"EasyFigure 56956","2013-12-30 13:41:17","",4
46,"EasyFigure 56957","2013-12-30 13:41:19","",4
47,"EasyFigure 56954","2013-12-30 13:43:15","",4
48,"EasyFigure 56955","2013-12-30 13:43:17","",4
49,"EasyFigure 56956","2013-12-30 13:43:19","",4
50,"EasyFigure 56957","2013-12-30 13:43:22","",4
51,"EasyFigure 56958","2013-12-30 13:59:46","",4
52,"EasyFigure 56959","2013-12-30 13:59:49","",4
53,"EasyFigure 56960","2013-12-30 13:59:51","",4
54,"EasyFigure 56961","2013-12-30 13:59:53","",4
55,"EasyFigure 56962","2013-12-30 13:59:55","",4
56,"EasyFigure 56963","2013-12-30 13:59:58","",4
57,"EasyFigure 56964","2013-12-30 14:00:00","",4
58,"EasyFigure 56965","2013-12-30 14:00:04","",4
59,"EasyFigure 56966","2013-12-30 14:00:09","",4
60,"EasyFigure 56967","2013-12-30 14:00:20","",4
61,"EasyFigure 56968","2013-12-30 14:00:24","",4
62,"EasyFigure 56969","2013-12-30 14:00:28","",4
63,"EasyFigure 56970","2013-12-31 23:20:31","",4
64,"EasyFigure 56971","2013-12-31 23:20:33","",4
65,"EasyFigure 56972","2013-12-31 23:20:35","",4
66,"EasyFigure 57016","2013-12-31 23:20:37","",4
67,"EasyFigure 57017","2013-12-31 23:20:41","",4
68,"EasyFigure 57018","2013-12-31 23:20:46","",4
69,"EasyFigure 57536","2013-12-31 23:20:48","",4
70,"EasyFigure 57537","2013-12-31 23:20:50","",4
71,"EasyFigure 57538","2013-12-31 23:20:53","",4
72,"EasyFigure 57539","2013-12-31 23:20:54","",4
73,"EasyFigure 57540","2013-12-31 23:20:57","",4
74,"EasyFigure 57541","2013-12-31 23:20:59","",4
75,"EasyFigure 57542","2013-12-31 23:21:00","",4
76,"EasyFigure 57543","2013-12-31 23:21:02","",4
77,"EasyFigure 57544","2013-12-31 23:21:04","",4
78,"EasyFigure 57545","2013-12-31 23:21:06","",4
79,"EasyFigure 57546","2013-12-31 23:21:08","",4
80,"EasyFigure 57547","2013-12-31 23:21:10","",4
81,"EasyFigure 57548","2013-12-31 23:21:13","",4
82,"EasyFigure 57549","2013-12-31 23:21:15","",4
83,"EasyFigure 57550","2013-12-31 23:49:27","",4
84,"EasyFigure 57551","2013-12-31 23:49:29","",4
85,"EasyFigure 57552","2013-12-31 23:49:31","",4
86,"EasyFigure 57553","2013-12-31 23:49:34","",4
87,"EasyFigure 57554","2013-12-31 23:49:36","",4
88,"EasyFigure 57555","2013-12-31 23:49:38","",4
89,"EasyFigure 57556","2013-12-31 23:49:40","",4
90,"EasyFigure 57557","2013-12-31 23:49:43","",4
91,"EasyFigure 57718","2013-12-31 23:49:45","",4
92,"EasyFigure 57719","2013-12-31 23:49:46","",4
93,"EasyFigure 57720","2013-12-31 23:49:49","",4
94,"EasyFigure 57721","2013-12-31 23:49:51","",4
95,"EasyFigure 57722","2013-12-31 23:49:54","",4
96,"EasyFigure 57723","2013-12-31 23:49:55","",4
97,"EasyFigure 57724","2013-12-31 23:49:57","",4
98,"EasyFigure 57725","2013-12-31 23:50:00","",4
99,"EasyFigure 57726","2013-12-31 23:50:02","",4
100,"EasyFigure 57727","2013-12-31 23:50:04","",4
101,"EasyFigure 57728","2013-12-31 23:50:05","",4
102,"EasyFigure 57729","2013-12-31 23:50:09","",4
122,"EasyFigure 58622","2014-01-02 11:05:09","",4
132,"EasyFigure 58766","2014-01-02 11:20:06","",4
133,"EasyFigure 58767","2014-01-02 11:20:08","",4
134,"EasyFigure 58768","2014-01-02 11:20:11","",4
135,"EasyFigure 58769","2014-01-02 11:20:13","",4
136,"EasyFigure 58770","2014-01-02 11:20:15","",4
137,"EasyFigure 58771","2014-01-02 11:20:19","",4
138,"EasyFigure 58772","2014-01-02 11:20:21","",4
139,"EasyFigure 58773","2014-01-02 11:20:26","",4
140,"EasyFigure 58774","2014-01-02 11:20:29","",4
141,"EasyFigure 58775","2014-01-02 11:20:30","",4
142,"EasyFigure 58776","2014-01-02 11:20:32","",4
143,"EasyFigure 58777","2014-01-02 11:23:07","",4
144,"EasyFigure 58778","2014-01-02 11:23:09","",4
145,"EasyFigure 58779","2014-01-02 11:23:11","",4
146,"EasyFigure 58780","2014-01-02 11:23:14","",4
147,"EasyFigure 58781","2014-01-02 11:23:16","",4
148,"EasyFigure 58782","2014-01-02 11:23:18","",4
149,"EasyFigure 58783","2014-01-02 11:23:20","",4
150,"EasyFigure 58784","2014-01-02 11:23:23","",4
151,"EasyFigure 58785","2014-01-02 11:23:25","",4
152,"EasyFigure 58786","2014-01-02 11:23:27","",4
153,"EasyFigure 58787","2014-01-02 11:23:29","",4
154,"EasyFigure 61598","2014-01-04 13:13:58","",4
155,"EasyFigure 61599","2014-01-04 13:14:00","",4
156,"EasyFigure 61600","2014-01-04 13:14:02","",4
157,"EasyFigure 61601","2014-01-04 13:14:05","",4
158,"EasyFigure 61602","2014-01-04 13:14:07","",4
159,"EasyFigure 61610","2014-01-04 13:14:10","",4
160,"EasyFigure 61611","2014-01-04 13:14:13","",4
161,"EasyFigure 61612","2014-01-04 13:14:15","",4
343,"fig1","2014-01-06 11:17:15","",3
345,"EasyFigure NM-205 E","2014-01-06 11:25:19","",3
346,"EasyFigure NM-205 E","2014-01-06 11:35:35","",3
347,"EasyFigure NM-205 F","2014-01-06 11:35:42","",3
348,"EasyFigure NM-205 G","2014-01-06 11:35:49","",3
349,"EasyFigure NM-205 H","2014-01-06 11:36:15","",3
350,"EasyFigure NM-205 O","2014-01-06 11:40:11","",3
351,"EasyFigure NM-213 A","2014-01-06 11:40:25","",3
352,"EasyFigure NM-213 C","2014-01-06 11:40:41","",3
353,"EasyFigure NM-213 I","2014-01-06 11:40:49","",3
354,"EasyFigure NM-213 J","2014-01-06 11:40:55","",3
355,"EasyFigure NM-213 K","2014-01-06 11:41:02","",3
356,"EasyFigure NM-213 L","2014-01-06 11:41:10","",3
357,"EasyFigure NM-216 C","2014-01-06 13:22:51","",3
358,"EasyFigure NM-216 D","2014-01-06 13:22:57","",3
359,"EasyFigure NM-216 E","2014-01-06 13:23:07","",3
365,"EasyFigure NM-216 F","2014-01-06 13:44:22","",3
366,"EasyFigure NM-220 L","2014-01-06 13:50:19","",3
367,"EasyFigure NM-220 M","2014-01-06 13:50:25","",3
368,"EasyFigure NM-220 N","2014-01-06 13:50:32","",3
369,"EasyFigure NM-220 O","2014-01-06 13:50:39","",3
370,"EasyFigure NM-222 A","2014-01-06 13:52:56","",3
371,"EasyFigure NM-222 B","2014-01-06 13:53:03","",3
372,"EasyFigure NM-222 C","2014-01-06 13:53:10","",3
373,"EasyFigure NM-222 D","2014-01-06 13:53:17","",3
374,"EasyFigure NM-256 E","2014-01-08 20:00:29","",3
375,"EasyFigure NM-256 F","2014-01-08 20:00:40","",3
